title,brand,price,currency,url,img,description,source,date,sold,_buying_option,_search_label
Omega Railmaster CK 2914-1 MK1 Broad Arrow 1957 First Execution Cal 284 Rare,,16500,USD,https://www.ebay.com/itm/206367798095?_skw=Omega+Railmaster+CK2914&hash=item300c7ab34f:g:fW8AAeSwqClqAPPa,https://i.ebayimg.com/images/g/fW8AAeSwqClqAPPa/s-l225.jpg,,eBay,2026-07-21,False,FIXED_PRICE,Omega Railmaster CK2914
Omega Seamaster Railmaster CK2914 Vintage 38mm Manual UB418,,23599,USD,https://www.ebay.com/itm/167778046889?_skw=Omega+Railmaster+CK2914&hash=item271059d3a9:g:gnAAAOSw5fxmYxxr,https://i.ebayimg.com/images/g/gnAAAOSw5fxmYxxr/s-l225.jpg,,eBay,2026-07-21,False,FIXED_PRICE,Omega Railmaster CK2914
OMEGA Railmaster 2914-3 Black Case Size 38mm x 38mm Men's Used Watch #51012,,16236,USD,https://www.ebay.com/itm/318290013124?_skw=Omega+Railmaster+CK2914&hash=item4a1b902bc4:g:T3IAAeSwLSlqAvBQ,https://i.ebayimg.com/images/g/T3IAAeSwLSlqAvBQ/s-l225.jpg,,eBay,2026-07-21,False,FIXED_PRICE,Omega Railmaster CK2914
Omega Seamaster Railmaster CK2914 Vintage 38mm Manual UE609,,25959,USD,https://www.ebay.com/itm/156843150313?_skw=Omega+Railmaster+CK2914&hash=item2484948be9:g:X9IAAOSw8wpmcH33,https://i.ebayimg.com/images/g/X9IAAOSw8wpmcH33/s-l225.jpg,,eBay,2026-07-21,False,FIXED_PRICE,Omega Railmaster CK2914
Omega Seamaster Railmaster CK2914 PAF Vintage 38mm Manual WG502,,24000,USD,https://www.ebay.com/itm/156667424412?_skw=Omega+Railmaster+CK2914&hash=item247a1b2e9c:g:hMIAAOSwHGNmeaKP,https://i.ebayimg.com/images/g/hMIAAOSwHGNmeaKP/s-l225.jpg,,eBay,2026-07-21,False,FIXED_PRICE,Omega Railmaster CK2914
VINTAGE HEUER AUTAVIA GMT AUTOMATIC CHRONOGRAPH CAL 14 REF 1163 - Mark 3,,8500,USD,https://www.ebay.com/itm/298426374201?_skw=heuer+autavia+gmt&hash=item457b991839:g:N3UAAeSwf9FqMxs4,https://i.ebayimg.com/images/g/N3UAAeSwf9FqMxs4/s-l225.jpg,,eBay,2026-07-21,False,FIXED_PRICE,Heuer Autavia GMT
Heuer Autavia GMT 11630 “Pepsi” Calibre 14 – Reverse Panda – Vintage 1970s Chron,,6750,USD,https://www.ebay.com/itm/287255050167?_skw=heuer+autavia+gmt&hash=item42e1bc37b7:g:OB8AAeSwjbFpyKq6&amdata=enc%3AAQALAAAA8ACCtXRWQnOEpyOqnQQ8KGaFrm1abY55RJRmlItjg8Cw86H8StATolX64vHmwGHiKeJdnxAWk%2BUq7f4bqxbOMxYcLBft9KWgQL7ifOYXRZAw8rGBrlTuuse9QC1CUVnn6rzoJTAtNJ7VoKUPF%2Fd1QCRbhY7HD7HPnI2VDCvgemcpw6IG1Crjo17XWAtXwAjgUeGpPFz6MPzIkinLULfwcY3i%2FiXpyvHRHmKDwo37ef3NT6tJ6BuUceNONGM%2BxW5uVencbd%2F72Gffs3ETh2tam9j3hqQ1mGkPZa8oHpm%2FDbeEdVPRCxmKJFCgiHMWy2eiYg%3D%3D,https://i.ebayimg.com/images/g/OB8AAeSwjbFpyKq6/s-l225.jpg,,eBay,2026-07-21,False,FIXED_PRICE,Heuer Autavia GMT
1972 HEUER AUTAVIA 1163 GMT Pepsi MK2 Red Tips w Heuer GF Beads of Rice Bracelet,,11995,USD,https://www.ebay.com/itm/205909723917?_skw=heuer+autavia+gmt&hash=item2ff12d0b0d:g:uQsAAeSw1eRpOJQS&amdata=enc%3AAQALAAAA8ACCtXRWQnOEpyOqnQQ8KGbV5%2BwfxI%2FdYyO%2BZNovcZTwnZk7gxQ96d%2Bw4Zq7AHzo6ZbIrpp1%2F3tRrJtXvpHORXTRRz629QBhOqoeBBurrxWBQDhy4dM2U2bti9wNqGNK4Hiei7WsY0%2FeWnnAb%2By3BPv0OmHgSDwC%2BjG1O9i6N%2BPXe1tjVQWZNnnnn%2FrWbs5i4DVszNnJX%2FrXYVL%2ByAj6twW%2F0cWep%2FBOwv4MsiClS3CKnCZdVerjBoawi8kPZGK6XZ8remKmxAUpexImLNwGn2F14k1rf3BlSC2nNIWT1tfKc7vUwwmvJ2ppeKewUeqPYQ%3D%3D,https://i.ebayimg.com/images/g/uQsAAeSw1eRpOJQS/s-l225.jpg,,eBay,2026-07-21,False,FIXED_PRICE,Heuer Autavia GMT
Heuer Autavia Stainless Steel Watch 1163,,6000,USD,https://www.ebay.com/itm/406737941826?_skw=heuer+autavia+gmt&hash=item5eb3787542:g:oq8AAeSwPU9pqKrl&amdata=enc%3AAQALAAAA8ACCtXRWQnOEpyOqnQQ8KGYAwU23ukf03Wn2bvn3hZAb3Qa2O25UiunBRmadEcN5y%2BsxIxBq%2FjC84%2B%2BaNHNNyJxlrn4mgVzyph5Y%2FxO3jW%2BMQjI97uVdF9mA1uOF%2Fi4tobjAdZ8kwUHzTeRc0a1p%2FxkwHGHK4wUrgE0GurOkDY1skCT%2B4yzydTWHWp9gkBDD626AAloVxq5CbZ5vfpWmmrYWGFo8QMlGscZPDeCStoYosdiN%2B00WDF4oss9BAW30PhvoAsd2yBfEwlTi8gdqpg4eWYtcntlzXBuWAS1M%2BFv%2BeDUw1AozqrBS5NUYopFd0w%3D%3D,https://i.ebayimg.com/images/g/oq8AAeSwPU9pqKrl/s-l225.jpg,,eBay,2026-07-21,False,FIXED_PRICE,Heuer Autavia GMT
Heuer Vintage Autavia GMT Ref 2446C Faded Bezel Steel,,9500,USD,https://www.ebay.com/itm/127801106259?_skw=heuer+autavia+gmt&hash=item1dc18a1f53:g:BJAAAeSwhYVp1q-o,https://i.ebayimg.com/images/g/BJAAAeSwhYVp1q-o/s-l225.jpg,,eBay,2026-07-21,False,FIXED_PRICE,Heuer Autavia GMT
Heuer Autavia GMT Ref. 2446C MK2 Pepsi Vintage Chronograph,,12982,USD,https://www.ebay.com/itm/358790244673?_skw=heuer+autavia+gmt&hash=item538990a941:g:GFAAAeSwh0NqVWEi,https://i.ebayimg.com/images/g/GFAAAeSwh0NqVWEi/s-l225.jpg,,eBay,2026-07-21,False,FIXED_PRICE,Heuer Autavia GMT
Vintage Heuer Autavia Watch 1163 GMT,,9995,USD,https://www.ebay.com/itm/158023236420?_skw=heuer+autavia+gmt&hash=item24caeb3b44:g:PgwAAeSwAdhqO-6m,https://i.ebayimg.com/images/g/PgwAAeSwAdhqO-6m/s-l225.jpg,,eBay,2026-07-21,False,FIXED_PRICE,Heuer Autavia GMT
Beautiful Baylor Pepsi GMT Chronograph Chrono V72 Valjoux 72 724 Autavia Heuer,,4995,USD,https://www.ebay.com/itm/156044060751?_skw=heuer+autavia+gmt&hash=item2454f3684f:g:zVUAAOSwKs1lv7UO,https://i.ebayimg.com/images/g/zVUAAOSwKs1lv7UO/s-l225.jpg,,eBay,2026-07-21,False,FIXED_PRICE,Heuer Autavia GMT
Heuer 1970s Autavia Chronograph Date Ref. 1163 Stainless Steel Automatic,,5650,USD,https://www.ebay.com/itm/306941726663?_skw=heuer+autavia+gmt&hash=item4777270fc7:g:rj0AAeSwNF5qB-aK,https://i.ebayimg.com/images/g/rj0AAeSwNF5qB-aK/s-l225.jpg,,eBay,2026-07-21,False,FIXED_PRICE,Heuer Autavia GMT
Heuer Autavia Pepsi GMT (1163),,8300,USD,https://www.ebay.com/itm/405505271569?_skw=heuer+autavia+gmt&hash=item5e69ff6711:g:GWQAAOSwDPtnYFdp,https://i.ebayimg.com/images/g/GWQAAOSwDPtnYFdp/s-l225.jpg,,eBay,2026-07-21,False,FIXED_PRICE,Heuer Autavia GMT
HEUER GUBELIN AUTAVIA Valjoux Cal 72 Watch SS Chrono XXRARE For Parts or Repair,,7499,USD,https://www.ebay.com/itm/326959870906?_skw=heuer+autavia+gmt&hash=item4c2053b3ba:g:rKYAAeSwboRpa-Cf,https://i.ebayimg.com/images/g/rKYAAeSwboRpa-Cf/s-l225.jpg,,eBay,2026-07-21,False,FIXED_PRICE,Heuer Autavia GMT
Heuer Autavia GMT Chronograph Automatic Stainless Steel Black Dial Engraved,,6500,USD,https://www.ebay.com/itm/157758208119?_skw=heuer+autavia+gmt&hash=item24bb1f3877:g:InMAAeSwSHlpt1ag,https://i.ebayimg.com/images/g/InMAAeSwSHlpt1ag/s-l225.jpg,,eBay,2026-07-21,False,FIXED_PRICE,Heuer Autavia GMT
Vintage Heuer Autavia GMT 11630 Stainless Steel 42mm Pepsi Bezel Black Dial,,9499,USD,https://www.ebay.com/itm/275991131858?_skw=heuer+autavia+gmt&hash=item40425a76d2:g:JVkAAOSw6v1k1Nz0,https://i.ebayimg.com/images/g/JVkAAOSw6v1k1Nz0/s-l225.jpg,,eBay,2026-07-21,False,FIXED_PRICE,Heuer Autavia GMT
VINTAGE HEUER AUTAVIA GMT CHRONOGRAPH MEN WRISTWATCH REF:11630 CIRCA:1974’s,,10745,USD,https://www.ebay.com/itm/276780227969?_skw=heuer+autavia+gmt&hash=item4071631d81:g:O5sAAeSwI19pUS~D,https://i.ebayimg.com/images/g/O5sAAeSwI19pUS~D/s-l225.jpg,,eBay,2026-07-21,False,FIXED_PRICE,Heuer Autavia GMT
1972 Heuer Autavia 1163 TBL Viceroy Watch 267345 Complete Heuer Factory Service,,9850,USD,https://www.ebay.com/itm/307037424444?_skw=heuer+autavia+gmt&hash=item477cdb4b3c:g:UvEAAOSw6qFmJ~ee,https://i.ebayimg.com/images/g/UvEAAOSw6qFmJ~ee/s-l225.jpg,,eBay,2026-07-21,False,FIXED_PRICE,Heuer Autavia GMT
Heuer Autavia Two Register 11630  Chrono SS 42mm Custom Band,,5500,USD,https://www.ebay.com/itm/147335466433?_skw=heuer+autavia+gmt&hash=item224de0cdc1:g:TmgAAeSwdJBqFzzO,https://i.ebayimg.com/images/g/TmgAAeSwdJBqFzzO/s-l225.jpg,,eBay,2026-07-21,False,FIXED_PRICE,Heuer Autavia GMT
HEUER Autavia GMT 1163 Mark II 1163 Men's Watch from Japan G0820,,12927,USD,https://www.ebay.com/itm/326737966344?_skw=heuer+autavia+gmt&hash=item4c1319b508:g:1m0AAeSwbxJopSeN&amdata=enc%3AAQALAAAA8ACCtXRWQnOEpyOqnQQ8KGaHkGS%2B37LGE9s29pxqDOanctoL8DsJMUaSQDszYfuOF2UJx%2BwLvWNCXHRXMokUU%2B6oU7H2B23f2%2FY%2B68lmcONPgv223IhI0AGtw6ssDBnUJC3kkdAlplZKIHZxMImKv8yKJ2ZqkUf6FRhLyHw1Jf5RMexsUKlNljEOmoANAs7BmrScDSKqdSrtiY1vE8uju0%2BDVd0sZGA55s8y3ydjfEHiYtgf4T7sZL%2FL7b2OrsQulB1G1yu9jYvwt7PZImIpd4eg98gbaYDhfmucERd1uctirv7DMAi8EzYpZvYFFqugcg%3D%3D,https://i.ebayimg.com/images/g/1m0AAeSwbxJopSeN/s-l225.jpg,,eBay,2026-07-21,False,FIXED_PRICE,Heuer Autavia GMT
1972 Heuer Autavia Ref. 2446C,,9995,USD,https://www.ebay.com/itm/226410151647?_skw=heuer+autavia+gmt&hash=item34b718bedf:g:A9gAAOSwlpJnFWmx,https://i.ebayimg.com/images/g/A9gAAOSwlpJnFWmx/s-l225.jpg,,eBay,2026-07-21,False,FIXED_PRICE,Heuer Autavia GMT
Omega Seamaster Soccer Chronograph 145.016 Grey Dial Hand Wind Men's Watch,,4995,USD,https://www.ebay.com/itm/147434879719?_skw=Omega+Seamaster+145.016&hash=item2253cdbae7:g:S5YAAeSw2~5qX-Id,https://i.ebayimg.com/images/g/S5YAAeSw2~5qX-Id/s-l225.jpg,,eBay,2026-07-21,False,FIXED_PRICE,Omega Seamaster 145.016
RARE VINTAGE OMEGA SEAMASTER 145.016 CHRONOGRAPH Men's Watch From JAPAN,,4000,USD,https://www.ebay.com/itm/318541997985?_skw=Omega+Seamaster+145.016&hash=item4a2a9527a1:g:OQAAAeSw4kdqSRTR&amdata=enc%3AAQALAAABAACCtXRWQnOEpyOqnQQ8KGb6cl3kMxadfy0Ej4oNrVbbwC%2FQfGMbvi%2BBcpqXx9g%2BIh3K5mE13MSNtWKsvFs33JB%2FWxlmB6OdHx0XMQeIvS3AcPm3fzWLNo3BW5Qr2mzvGUWTvAEQJSPob9e6hfn3itL9CS%2B24VVphHC2H6FrhxKFK5Ga7CkXUw9ORkdkfBSQ7qf%2FTZ7WjrPgk1gXIg5z%2FwurRnZEdag%2B1Ofe%2FqJfHktWBmBcgctCP0bmdpNLbvEtlbsu6kORHq4rSWGquiWtfbsMTn5Ywu34l8cIig5Ga1%2BEMxymcxvFgl5IOtutllKrGuOkmUQvsnmnID7nEGzvncM%3D,https://i.ebayimg.com/images/g/OQAAAeSw4kdqSRTR/s-l225.jpg,,eBay,2026-07-21,False,FIXED_PRICE,Omega Seamaster 145.016
Omega Seamaster Chronograph 37mm Black Dial Mens Watch Cal. 861 145.016-68,,3325,USD,https://www.ebay.com/itm/318200370962?_skw=Omega+Seamaster+145.016&hash=item4a16385712:g:k2cAAeSw4G1p7CDx&amdata=enc%3AAQALAAAA8ACCtXRWQnOEpyOqnQQ8KGb87nMRGmTjVTIYmRkwXHEvKJbRZYf2u8NJqr%2FKXLoNuE1n6DxggnHSoFo1l69IQWmipdkA5o2PR6MPY%2B4FUPDV7foi4c4fM3gXSWeqT4iL5%2BIMWm1BO539538pTQdBEfoGFvkIVPdeC4HanVoirtJpdTX5qdLF1zjLEksi9A8p3VVSkpPKSqsasRiRJrFBgrHlfIAFTwNJDr68CotXygJQPc4dS2EtjykodRPTviovC7P0%2F4%2F6j9xq1QeGwVYpiKb0xj8m8nkYq%2Fszj1rahqB2nBh%2FEZlXQHsixxRnfU1vlA%3D%3D,https://i.ebayimg.com/images/g/k2cAAeSw4G1p7CDx/s-l225.jpg,,eBay,2026-07-21,False,FIXED_PRICE,Omega Seamaster 145.016
"RARE VINTAGE OMEGA SEAMASTER 145.016 CHRONOGRAPH, 18K GOLD CAL 861 MEN WATCH",,10500,USD,https://www.ebay.com/itm/287280525524?_skw=Omega+Seamaster+145.016&hash=item42e340f0d4:g:3OcAAeSw9G5p5BGV,https://i.ebayimg.com/images/g/3OcAAeSw9G5p5BGV/s-l225.jpg,,eBay,2026-07-21,False,FIXED_PRICE,Omega Seamaster 145.016
Vintage Omega Seamaster 18K Gold Chronograph Watch 145.016,,10500,USD,https://www.ebay.com/itm/176288135354?_skw=Omega+Seamaster+145.016&hash=item290b9778ba:g:W5AAAOSw9xpjGjql,https://i.ebayimg.com/images/g/W5AAAOSw9xpjGjql/s-l225.jpg,,eBay,2026-07-21,False,FIXED_PRICE,Omega Seamaster 145.016
