title,brand,price,url,img,description,source,sold
Seamaster 120 Plongeur de Luxe aka ´Mayol’,Omega,3900,https://pushers.io/listings/seamaster-120-plongeur-de-luxe-aka-mayol,https://d1t0mcfhd039st.cloudfront.net/eyJidWNrZXQiOiJzY2htYWx0ei1kZXYiLCJrZXkiOiI1NmYwNzUzMC1mZjU2LTQ2MjQtYTI1OC1hMWQzNmIzMGQ5YjEuanBnIiwiZWRpdHMiOnsicmVzaXplIjp7IndpZHRoIjoyMDQ4LCJoZWlnaHQiOjIwNDgsImZpdCI6Imluc2lkZSJ9fX0=,"Before becoming the first man to free dive beyond 100 meters, Jacques Mayol was already searching for watches capable of accompanying him on his underwater explorations. This Seamaster Plongeur de Luxe is one of the rare survivors from that pioneering era, when the limits of both man and technology were still being defined. Mayol’s achievements left such a mark on Omega that the brand later collaborated with him to develop a line of diving watches bearing his name. More than just a watch, this S",Moonphase,False
"Girard Peregaux, Gyromatic Deep Diver MK1 ref 1267",Girard-Perregaux,5000,https://pushers.io/listings/girard-peregaux-gyromatic-deep-diver-mk1-ref-1267-d5fba407-de70-4ff7-af62-542b323d4dd8,https://d1t0mcfhd039st.cloudfront.net/eyJidWNrZXQiOiJzY2htYWx0ei1kZXYiLCJrZXkiOiJiMDVjZGU3Ny0yOGZjLTRmYzUtODVkNi0wNzBjZmNiMWUxMDMuanBnIiwiZWRpdHMiOnsicmVzaXplIjp7IndpZHRoIjoyMDQ4LCJoZWlnaHQiOjIwNDgsImZpdCI6Imluc2lkZSJ9fX0=,"This Gyromatic Deep Diver is an exceptionally rare watch. Produced for only a brief period, just a handful of examples are believed to have survived. Yet rarity is only part of its appeal. Its design is truly unique, remarkably avant-garde for its time.  From its applied shark-tooth hour markers to its true alpha-shaped hands, every detail defies convention. And yet, it all works. The design is remarkably well balanced and gracefully harmonious. The warm beige dial pairs beautifully with the lum",Moonphase,False
UG Compax 30 chronograph ref 22205,Universal Geneve,5000,https://pushers.io/listings/ug-compax-30-chronograph-ref-22205,https://d1t0mcfhd039st.cloudfront.net/eyJidWNrZXQiOiJzY2htYWx0ei1kZXYiLCJrZXkiOiI0NzA3YWM0Mi1jNmFiLTRjMDItYjhhNi1lYWM3YmYwNjI1MDkuanBnIiwiZWRpdHMiOnsicmVzaXplIjp7IndpZHRoIjoyMDQ4LCJoZWlnaHQiOjIwNDgsImZpdCI6Imluc2lkZSJ9fX0=,"Universal Geneve started as a chronograph watch brand. They established the standard of design for elegant chronographs and this almost 90 years «Compax 30 »  is a classic from this era.  The name Compax 30 refers to its distinctive 30-minute chronograph register, rather than the more common 45- or 60-minute counters found on most chronographs of the period.  Its black dial gives the watch a striking and commanding presence, while beautifully highlighting the warm patina that has developed over ",Moonphase,False
Datejust 16013 2 tones gilt dial,Rolex,5800,https://pushers.io/listings/datejust-16013-2-tones-gilt-dial,https://d1t0mcfhd039st.cloudfront.net/eyJidWNrZXQiOiJzY2htYWx0ei1kZXYiLCJrZXkiOiIyMjIxNjlkNC01ODUwLTQ4ZGItYWI5Zi05ZmFkNmRkODA3OGYuanBnIiwiZWRpdHMiOnsicmVzaXplIjp7IndpZHRoIjoyMDQ4LCJoZWlnaHQiOjIwNDgsImZpdCI6Imluc2lkZSJ9fX0=,"Probably the most iconic Datejust seen in 80s Hong Kong gangster movies — the Rolex Datejust ref. 16013 in its unmistakable two-tone configuration, here fitted with a gilt glossy black dial.  The watch is, of course, in pristine condition, paired with its signature Jubilee bracelet. The glossy dial is immaculate, exactly as it should be.  It comes complete with its original papers, confirming its provenance from… Hong Kong — where else?",Moonphase,False
The OG Favre Leuba Deep Blue MK1,Favre Leuba,4200,https://pushers.io/listings/the-og-favre-leuba-deep-blue-mk1,https://d1t0mcfhd039st.cloudfront.net/eyJidWNrZXQiOiJzY2htYWx0ei1kZXYiLCJrZXkiOiI5ODMwYTA0ZS00ODgwLTQ2YTQtYjUzNS00ZjQ4OGVhN2U2MzguanBnIiwiZWRpdHMiOnsicmVzaXplIjp7IndpZHRoIjoyMDQ4LCJoZWlnaHQiOjIwNDgsImZpdCI6Imluc2lkZSJ9fX0=,"The Favre-Leuba Deep Blue Mk I is one of the most distinctive dive watches of the 1960s. While its aluminum bezel sets it apart from the Mk II that would follow, it is above all its extraordinary asymmetrical dial that defines its character. Dominated by a large luminous crosshair spanning the entire dial, its design is as bold as it is timeless.  The example presented here is in truly exceptional condition, the kind rarely encountered on this model. Its beautiful slate-grey sunburst dial remain",Moonphase,False
Tropical Polerouter Date,Universal Geneve,5000,https://pushers.io/listings/tropical-polerouter-date,https://d1t0mcfhd039st.cloudfront.net/eyJidWNrZXQiOiJzY2htYWx0ei1kZXYiLCJrZXkiOiIxYTA3ZDcxNy1lYTIwLTQ1YjMtYWRjZS1jNzFlNGY0OGIyYjguanBnIiwiZWRpdHMiOnsicmVzaXplIjp7IndpZHRoIjoyMDQ4LCJoZWlnaHQiOjIwNDgsImZpdCI6Imluc2lkZSJ9fX0=,"Nice tropical Polerouters are hard to find as the white wolf.   Here’s a ref. 204607-1, fully overhauled and featuring an evenly tropicalized dial. A true wabi-sabi Polerouter, where tiny imperfections add depth, charm, and character.  The dial color is simply stunning under the NOS signed plexi. A charismatic Polerouter, a perfect summer watch and the thrill of a genuine tropical Polerouter—without breaking the bank.",Moonphase,False
Chronograph Jardur Bezelmeter 960,Other,4950,https://pushers.io/listings/chronograph-jardur-bezelmeter-960,https://d1t0mcfhd039st.cloudfront.net/eyJidWNrZXQiOiJzY2htYWx0ei1kZXYiLCJrZXkiOiIyMTI0NjA4OC05OGMyLTQxMjktOWJkZC02MWM4ZjU4NGQyODEuanBnIiwiZWRpdHMiOnsicmVzaXplIjp7IndpZHRoIjoyMDQ4LCJoZWlnaHQiOjIwNDgsImZpdCI6Imluc2lkZSJ9fX0=,"Here is a 1940’s pilote watch with a unique degrees scale on the dial.  It’s allows the pilot to calculate the duration to achieve a certain degrees turn at a constant degree angle. At 3° per second, the pilot would reach 90° right after the central chronograph hand passed the 30-second mark.  We Love this black glossy dial with the red accents. Sized at 38mm, the watch has a unique presence on the wrist. Keep in mind that this Jardur has more than 80 years. Now look at theses faceted lugs, shar",Moonphase,False
"Polerouter 869111-1, a classic black dial with trapeze date",Universal Geneve,5750,https://pushers.io/listings/polerouter-869111-1-a-classic-black-dial-with-trapeze-date,https://d1t0mcfhd039st.cloudfront.net/eyJidWNrZXQiOiJzY2htYWx0ei1kZXYiLCJrZXkiOiIxMmIzMzVmMi1hM2IwLTQxOTItOWZmNy1lNGY1YjUxZWQ2MGMuanBnIiwiZWRpdHMiOnsicmVzaXplIjp7IndpZHRoIjoyMDQ4LCJoZWlnaHQiOjIwNDgsImZpdCI6Imluc2lkZSJ9fX0=,"Beautiful Polerouters are becoming increasingly hard to find. Long under the radar, the recent spotlight on the brand has reignited collectors’ enthusiasm for the finest examples.  A true classic among classics, here is a ref. 869111. A 36mm Polerouter date with trapeze date window and original signed crown. The signed plexi reveals a beautifully preserved black glossy dial.  The hands are free of oxidation and still shine brilliantly. The case appears unpolished and, importantly, the reference ",Moonphase,False
Seamaster 600 « PloProf » MK4,Omega,8200,https://pushers.io/listings/seamaster-600-ploprof-mk4,https://d1t0mcfhd039st.cloudfront.net/eyJidWNrZXQiOiJzY2htYWx0ei1kZXYiLCJrZXkiOiI2YmE1ZTBlYy1mMDMxLTQxNDktYjQxNy1jMjY0Y2RiM2YyMzEuanBnIiwiZWRpdHMiOnsicmVzaXplIjp7IndpZHRoIjoyMDQ4LCJoZWlnaHQiOjIwNDgsImZpdCI6Imluc2lkZSJ9fX0=,"The Seamaster 600, better known as the “PloProf” — short for Plongeur Professionnel — needs little introduction. The ultimate aquatic tool watch, it became legendary through its association with COMEX divers, expeditions aboard Captain Cousteau’s Calypso, and even on the wrist of stylish industrialist Gianni Agnelli, the iconic head of Ferrari.  When found in excellent condition, most PloProfs tend to retain bezels with little to no patina, which can sometimes feel at odds with the charm one exp",Moonphase,False
Seamaster PloProf Mk3 from Salvador Cupello in Caracas,Omega,10000,https://pushers.io/listings/omega-ploprof-mk3-from-salvador-cupello-in-caracas,https://d1t0mcfhd039st.cloudfront.net/eyJidWNrZXQiOiJzY2htYWx0ei1kZXYiLCJrZXkiOiI3NWFlZmE3MC0xNTMxLTRlOGUtOWZhZC0yYjkyNzIwOGEzYzkuanBnIiwiZWRpdHMiOnsicmVzaXplIjp7IndpZHRoIjoyMDQ4LCJoZWlnaHQiOjIwNDgsImZpdCI6Imluc2lkZSJ9fX0=,"Before COMEX shifted its allegiance to Rolex, Henri Delauze was wearing and testing the PloProf alongside Omega’s research team. Although COMEX ultimately chose the Sea-Dweller as its official watch, the PloProf remains one of the most radical dive watches ever made and a true legend of the race for greater depths.   Later on, the PloProf would be used in extreme conditions all around the world. This particular example comes from Venezuela and bears the scars of a hard-lived life. Engraved on th",Moonphase,False
1967 Speedmaster ´Centrale Boites’ ref 105.012-66 CB,Omega,9750,https://pushers.io/listings/1967-speedmaster-centrale-boites,https://d1t0mcfhd039st.cloudfront.net/eyJidWNrZXQiOiJzY2htYWx0ei1kZXYiLCJrZXkiOiIzMGJlODMxYi03ZWNhLTQ3NGEtODYzZS1lMTEzYTA3YmQyNDQuanBnIiwiZWRpdHMiOnsicmVzaXplIjp7IndpZHRoIjoyMDQ4LCJoZWlnaHQiOjIwNDgsImZpdCI6Imluc2lkZSJ9fX0=,"Not all Speedmaster cases were produced by Huguenin Frères. In 1966, a batch was manufactured by La Centrale Boîtes in Bienne. Because the original twisted lyre lugs patent belonged to Huguenin Frères, La Centrale Boîtes introduced a rounded bevel on the inner side of the lugs. This distinctive feature makes the 105.012-66 “CB” a very particular reference, highly sought after — provided the case has not been over-polished.  The example presented here perfectly showcases what makes the “Centrale ",Moonphase,False
69 Pre Moon Speedmaster with applied logo dial,Omega,3900,https://pushers.io/listings/69-pre-moon-speedmaster-with-applied-logo-dial,https://d1t0mcfhd039st.cloudfront.net/eyJidWNrZXQiOiJzY2htYWx0ei1kZXYiLCJrZXkiOiJkZjA2YzlkMi1iOTdjLTQ4MDQtYTMzYi03OTYwZmM1OTY4ZDIuanBnIiwiZWRpdHMiOnsicmVzaXplIjp7IndpZHRoIjoyMDQ4LCJoZWlnaHQiOjIwNDgsImZpdCI6Imluc2lkZSJ9fX0=,"If you’re looking for an affordable pre-moon Speedmaster with all the vintage feel and DNA, this is probably it.  Fitted with the correct “Seamonster” caseback, this ref. 145.022-69 features an earlier ’68 step dial with an applied logo—likely swapped during a service, as anything was possible during this transition period when the 321 gave way to the pre-moon 861 Speedmaster.  Very reasonably priced for this reason, here’s a very cool Speedy that can easily become your reliable daily wearer, wi",Moonphase,False
1984 Speedmaster with rare Télémètre bezel,Omega,5850,https://pushers.io/listings/1984-speedmaster-with-rare-telemetre-bezel,https://d1t0mcfhd039st.cloudfront.net/eyJidWNrZXQiOiJzY2htYWx0ei1kZXYiLCJrZXkiOiIxYzI5YjcxZC1mOTc0LTQ0ZGUtYjcyYi1kODNkOWRhZmNjOTcuanBnIiwiZWRpdHMiOnsicmVzaXplIjp7IndpZHRoIjoyMDQ4LCJoZWlnaHQiOjIwNDgsImZpdCI6Imluc2lkZSJ9fX0=,"From the 1970s through the 1990s, the ref. 145.022 remained remarkably consistent, evolving only subtly over nearly two decades. Sitting right in the middle of this long production run, this 1984 Speedmaster is often regarded as one of the best-value vintage Speedmasters available today. More affordable than a new one, it offers a compelling blend of vintage charm and everyday reliability.  This particular example is in very good condition, featuring an unpolished case and retaining its original",Moonphase,False
Uni-Compax ref. 884100/02 — aka “Big Eye”,Universal Geneve,16000,https://pushers.io/listings/uni-compax-ref-884100-02-aka-big-eye,https://d1t0mcfhd039st.cloudfront.net/eyJidWNrZXQiOiJzY2htYWx0ei1kZXYiLCJrZXkiOiJiYjQ5MTYwYS04YzVkLTRkYzctOWY0Ni00NWM5Njc2ZDJkNzQuanBnIiwiZWRpdHMiOnsicmVzaXplIjp7IndpZHRoIjoyMDQ4LCJoZWlnaHQiOjIwNDgsImZpdCI6Imluc2lkZSJ9fX0=,"The rarest of the Sport UG Compax family. Most serious research points to fewer than 300–400 pieces produced per dial color, with probably less than 30 examples known today across both configurations. The white dial 884100/02 stands as the rarer of the two, with only a handful of documented pieces in collector circles.  This example is one of those few survivors. Not mint — and that’s exactly the point. Everything has aged with gracefully with remarkable balance. The red crosshair has naturally ",Moonphase,False
Early 69 chocolate serial range Speedmaster,Omega,13500,https://pushers.io/listings/early-69-chocolate-serial-range-speedmaster,https://d1t0mcfhd039st.cloudfront.net/eyJidWNrZXQiOiJzY2htYWx0ei1kZXYiLCJrZXkiOiJhMjYyMWMyNi1hZmYxLTQxMmItOTZlNS1jMTM2MjBmZmJmYWEuanBnIiwiZWRpdHMiOnsicmVzaXplIjp7IndpZHRoIjoyMDQ4LCJoZWlnaHQiOjIwNDgsImZpdCI6Imluc2lkZSJ9fX0=,"Here is an exceptional tropical ’69.  Its nobility comes from its serial number, sitting perfectly within the official “chocolate” range. Being among the early ’69s, it also inherits a DON bezel from the calibre 321 Speedmasters.  And what a bezel it is. Beautifully faded over the years, it now pairs perfectly with the chocolate dial.  Speaking of the dial, this is probably one of the nicest chocolate dials I have come across. The tropical tone is rich and intense, yet soft and evenly distribute",Moonphase,False
Blancpain Fifty Fathoms Rotomatic Incabloc,Blancpain,9800,https://pushers.io/listings/blancpain-fifty-fathoms-rotomatic-incabloc,https://d1t0mcfhd039st.cloudfront.net/eyJidWNrZXQiOiJzY2htYWx0ei1kZXYiLCJrZXkiOiI2OWI4MjBhYS0wYjNhLTQ4MjgtYWY4OC1hZGNlNGM4NTRkYjkuanBnIiwiZWRpdHMiOnsicmVzaXplIjp7IndpZHRoIjoyMDQ4LCJoZWlnaHQiOjIwNDgsImZpdCI6Imluc2lkZSJ9fX0=,"The Fifty Fathoms is a legend. And this one is an affordable grail. The condition is second to none. A dressy museum grade Blancpain Fifty Fathoms. Sharp and unmolested like the very first days. The 34mm Rotomatic was the « amateur » recreational version of the professional diver Fifty Fathoms. They both appeared all together in the early fifties catalog.  In a more dressy case, the watch is also powered by the automatic AS 1361N, like the big ones. The pristine dial is glossy with applied marke",Moonphase,False
Tropical Speedmaster 145.022-69 with Chocolate dial,Omega,9750,https://pushers.io/listings/tropical-speedmaster-145-022-69-with-chocolate-dial,https://d1t0mcfhd039st.cloudfront.net/eyJidWNrZXQiOiJzY2htYWx0ei1kZXYiLCJrZXkiOiIzN2IwYzJmMi01YmEwLTQ0OTgtYTNjZC01NzU0NWUxNzE5M2QuanBnIiwiZWRpdHMiOnsicmVzaXplIjp7IndpZHRoIjoyMDQ4LCJoZWlnaHQiOjIwNDgsImZpdCI6Imluc2lkZSJ9fX0=,"Here is a very nice tropical 69. Wearing a serial in the 29M range, exactly  in the famous « chocolate » range. Being among the early 69, it also inherits a DON bezel from the 321 Speedies. The tropical « chocolate » dial has a very nice mellow and evenly distributed color. The brown hue can be visible from any angle and NOT only in extreme sunlight. The lume has survived to the tropical weather and match the dial nicely.  The off white hand sets has also developed a very nice patina, very consi",Moonphase,False
1961 Datejust 1603 with bamboo bezel,Rolex,4450,https://pushers.io/listings/1961-datejust-1703-with-bamboo-bezel,https://d1t0mcfhd039st.cloudfront.net/eyJidWNrZXQiOiJzY2htYWx0ei1kZXYiLCJrZXkiOiJmMTcwNTBlNC1lY2U4LTRhNmMtOTE4Yi0xZGY2NWIzMzZmMGEuanBnIiwiZWRpdHMiOnsicmVzaXplIjp7IndpZHRoIjoyMDQ4LCJoZWlnaHQiOjIwNDgsImZpdCI6Imluc2lkZSJ9fX0=,"Here is a Datejust you don’t see everyday. Commonly called « Bamboo bezel » because of the pattern of its steel bezel, this rare Datejust was produced only in a very few quantity in the early 60s. Produced only for the Italian market, the bamboo bezel is very different from the fluted or the engine turned bezel. It gives to the watch a totally different look and feel. Mostly when matched with this no lume sun brushed dial, the dauphine hands and applied spear markers.  This is an early Datejust ",Moonphase,False
