title,brand,price,url,img,description,source,date,sold
"2024 PP&co Nautilus in White Gold, reference 5712G : Full Set Like New & Last Batch !",Other,86990,https://tokant-paris.com/products/2024-pp-co-nautilus-in-white-gold-reference-5712g-full-set-like-new-last-batch,https://cdn.shopify.com/s/files/1/0504/5724/7928/files/26611D_0000_20072026-IMG_0001-3.jpg?v=1784537383,"Brand : Patek Philippe and co Model : 5712G Size : 40X 38 mm Movement : 240 PS + IRM + C + LU Case : Like New conditions Dial : Nautilus dial are always perfection in Grey Its SPECTACULAR. Bracelet : 1 Original Black Crocodile Bracelet with PP Deployante Buckle & 1 Black Leather from Patek NEW Accessories : FULL COLLECTOR SET Why we bought it ? Maybe the last 5712G ever Produced and what a price ! Please remember : #We are TOP trusted verified 4,9/5 at Truspilot & 5/5 at Google #1 year guarantee of good running* #Free shipping/insurance worldwide #Express shipping #Lifetime guarantee of authenticity #Free return within 5 days* *please check our conditions of sales for details",Tokant,2026-07-20,False
2018 Omega Speedmaster Speedy Tuesday Ultraman Ref: 311.12.42.30.01.001 Super Full Set Only 2012 Ex.,Other,8999,https://tokant-paris.com/products/2018-omega-speedmaster-speedy-tuesday-ultraman-ref-311-12-42-30-01-001-super-full-set-only-2012-ex,https://cdn.shopify.com/s/files/1/0504/5724/7928/files/26715D_0000_15072026-IMG_0003.jpg?v=1784120628,"Brand : Omega Model : 311.12.42.30.01.001 Size : 42 mm Movement : Omega 1861 caliber Case : Superb. Gorgeous caseback by Omega, black bezel Dial : Awesome Ultraman dial, in flawless condition Bracelet : 2 Original bracelet Omega Strap + 1 Black Leather Strap Accessories : Super nice full set as usual with Omega. The special edition Box is stunning with a ton of goodies and Omega Champagne Bottle Why we bought it ? Only 2012 Ex. Inspired by the famous orange hand speedmaster linked to the 1971 Return of Ultraman TV Series. Please remember : #We are TOP trusted verified 4,9/5 at Truspilot #1 year guarantee of good running* #Free shipping/insurance worldwide #Express shipping #Lifetime guarantee of authenticity #Free return within 5 days* *please check our conditions of sales for details",Tokant,2026-07-15,False
2004 AP Royal Oak calendar Blue Dial ref: 25594st FULL SET & Super Qual !,Other,39999,https://tokant-paris.com/products/2004-ap-royal-oak-calendar-blue-dial-ref-25594st-full-set-super-qual,https://cdn.shopify.com/s/files/1/0504/5724/7928/files/2665D_0000_11062026-IMG_0001-2.jpg?v=1781181973,"Brand : Audemars Piguet Model : 25594st.OO.0789st.03 Size : 36 mm Movement : 2224 Case : Fantastic ultra fat sharp and nice case. F serial. Great beveled edges, great brush Dial : Awesome flawless dial. TOP conditions. WOW Bracelet : Original and tight royal oak bracelet, perfect Accessories : Full Set Why we bought it ? Cool watch, cool price, cool complication & Full set Please remember : #We are TOP trusted verified 4,9/5 at Truspilot #1 year guarantee of good running* #Free shipping/insurance worldwide #Express shipping #Lifetime guarantee of authenticity #Free return within 5 days* *please check our conditions of sales for details",Tokant,2026-06-11,False
"1990 (circa) Cartier Octogonal Santos reference 2966: Gorgeous full set, from the very first owner",Other,3290,https://tokant-paris.com/products/1990-circa-cartier-octogonal-santos-reference-2966-gorgeous-full-set-from-the-very-first-owner,https://cdn.shopify.com/s/files/1/0504/5724/7928/files/26711D26712D26713D_0026_09072026-IMG_0006-2.jpg?v=1783606271,"Brand : Cartier Model : Santos ref 2966 Size : 30mm Movement : Automatic caliber by Cartier Case : Super fat case, top ! sharp Dial : Gorgeous uncracked white dial Bracelet : Cool original two tones bracelet, Perfect condition & Super long Accessories : Cartier box + booklets, service booklets , original card etc etc ! Why we bought it ? Super vintage watch, reminds us 80's & 90's beautiful years. We love the old school way, don't you? Please remember : #We are TOP trusted verified 4,9/5 at Truspilot & 5/5 at Google #1 year guarantee of good running* #Free shipping/insurance worldwide #Express shipping #Lifetime guarantee of authenticity #Free return within 5 days* *please check our conditions of sales for details",Tokant,2026-07-09,False
"2001 Vacheron Constantin Chronograph, Overseas collection, ref 49140: Great piece !",Other,11980,https://tokant-paris.com/products/2001-vacheron-constantin-chronograph-overseas-collection-ref-49140-great-piece,https://cdn.shopify.com/s/files/1/0504/5724/7928/files/26711D26712D26713D_0032_09072026-IMG_0018-2.jpg?v=1783605874,"Brand : V&C Model : 49140 chronograph ref 49140/423A-8790 Size : 40 mm Movement : Automatic VC caliber ref 1137 running perfectly Case : Superb case, great edges Dial : Perfect dial , silver. Very balanced, top Bracelet : Original bracelet , light normal stretch Accessories : Extract from VC archives Why we bought it ? Because we are Overseas lover! and lets look at the value for the money... Please remember : we are 5 stars at Google, 5/5 at Truspilot & Top trusted category at C24 #1 year guarantee of good running* #Free shipping/insurance worldwide #Express shipping #Lifetime guarantee of authenticity #Free return within 5 days* *please check our conditions of sales for details",Tokant,2026-07-09,False
1965 (Circa) Heuer Carrera 45 36mm Ref: 3647N Beautiful,Other,7990,https://tokant-paris.com/products/1965-circa-heuer-carrera-45-36mm-ref-3647n-beautiful,https://cdn.shopify.com/s/files/1/0504/5724/7928/files/2679D_0000_07072026-IMG_0012.jpg?v=1783418557,"Brand : Heuer Carrera Model : 3647N Size : 36 mm Movement : Valjoux 92 Case : Excellent case, ultra fat, likely unpolished Dial : Fantastic Black dial, all original, superb & flawless Bracelet : Brown leather strap with Heuer ardillon buckle Accessories : None Why we bought it ? A watch for true vintages lovers! This one is in fantastic conditions, it won't be easy to find better",Tokant,2026-07-07,False
"2006 Audemars Piguet Royal oak, White dial ref: 15300 Box & Papers Superb !",Other,29890,https://tokant-paris.com/products/2006-audemars-piguet-royal-oak-white-dial-ref-15300-box-papers-superb,https://cdn.shopify.com/s/files/1/0504/5724/7928/files/26710_0000_06072026-IMG_0001.jpg?v=1783329694,"Brand : Audemars Piguet Model : 15300st Royal Oak Size : 39 mm Movement : 3120 Automatic Caliber Case : Excellent case with iconic design Dial : White grande tapisserie dial, an icon by itself Bracelet : Original AP integrated bracelet in steel, perfect matching conditions Accessories : original guarantee, Manuel d'utilisation AP box Why we bought it ? Cheaper than a 15202 and slimmer than a 15500 :-) Please remember : #1 year guarantee of good running* #Free shipping/insurance worldwide #Express shipping #Lifetime guarantee of authenticity #Free return within 5 days* *please check our conditions of sales for details",Tokant,2026-07-06,False
1970 Omega Speedmaster ref: 145.022 Rare in full set !,Other,4490,https://tokant-paris.com/products/1970-omega-speedmaster-ref-145-022-full-set-super-rare,https://cdn.shopify.com/s/files/1/0504/5724/7928/files/Tokant_SeaDweller_16600-Recupere-Recupere-Recupere-Recupere-Recupere_0000_03072026-IMG_0001.jpg?v=1783069895,"Brand : Omega Model : 145.022st Speedmaster Size : 42 mm Movement : 861, manual chronograph, by Omega Case : N ice case, the caseback engraving still super visible Dial : Awesome black dial with perfect markers, matching original hands Bracelet : Original 1171 bracelet in good conditions Accessories : Full set Why we bought it ? Very cool example of the legend, and Please Full Set !! Please remember : #We are TOP trusted verified 4,9/5 at Truspilot & 5/5 at Google #1 year guarantee of good running* #Free shipping/insurance worldwide #Express shipping #Lifetime guarantee of authenticity #Free return within 5 days* *please check our conditions of sales for details",Tokant,2026-07-03,False
1949 Circa Rolex Bubbleback Ovettone in GOLD RARE Ref: 6030/6075 Crazy dial & original Bracelet,Other,18990,https://tokant-paris.com/products/1940-circa-rolex-bubbleback-ovettone-in-gold-ref-5030-crazy-dial-original-bracelet,https://cdn.shopify.com/s/files/1/0504/5724/7928/files/Tokant_SeaDweller_16600-Recupere-Recupere-Recupere-Recupere-Recupere_0000_02072026-IMG_0001.jpg?v=1782980063,"Brand : Rolex Model : 6030 Size : 36 mm Movement : Bubbleback caliber engraved 27068 & serial G6162 Case : Very good and fat case. Full Gold. 685.xxx serial, top conditions and crazy SUPER OYSTER crown ! Dial : Fantastic dial and hands patina All original, Dauphine hands in top conditions, great dial with perfect radium plots. Bracelet : Original Fitted Yellow gold Jubilee Bracelet, Stamped 750 Rolex SA + Hemes Strap in brown leather with Hermes Buckle, like new Accessories : None Why we bought it ? Time Capsule a Real Treasure, piece of early Rolex History. The ovettone, nicknamed for its rounded ""egg Shapped"" Oyster case 1949 Circa Rolex Bubbleback Ovettone in GOLD RARE Ref: 6030/6075 Crazy dial & original Bracelet After further deeper research, this watch has turned out to be a Rolex reference 6030/6075, an exceptionally rare transitional model from the late 1940s, dating to around 1949. It already features the “Super Oyster” crown associated with the reference 6075, while retaining the smooth bezel of the reference 6030, hence the double reference 6030/6075. A truly rare and fascinating transitional animal! Proud to offer this extraordinary timepiece again, nearly 80 years after it first left the retailer’s showcase.",Tokant,2026-07-01,False
2005 Vacheron & Constantin Métiers d'Art ref: 47070J  'Zheng He' Full Set Only 60 pieces !,Other,61890,https://tokant-paris.com/products/2005-vacheron-constantin-metiers-dart-ref-47070j-ferdinand-magellan-full-set-only-60-pieces,https://cdn.shopify.com/s/files/1/0504/5724/7928/files/2668D_0000_18062026-IMG_0003.jpg?v=1781774364,"Brand : Vacheron & Constantin Model : 47070/000J-9076 Size : 40 mm Movement : CAL . 1126 T Case : In Yellow Gold Top conditions Dial : Grand feu enamel dial with a map of the silk road Bracelet : Brown Leather + original gold deployante buckle Accessories : Full set Why we bought it ? A Vacheron Constantin Les Métiers d'Arts Tribute to the Great Explorers 'Zheng He' Only 60 pieces ! Wonderful Please remember : #We are TOP trusted verified 4,9/5 at Truspilot & 5/5 AT GOOGLE #1 year guarantee of good running* #Free shipping/insurance worldwide #Express shipping #Lifetime guarantee of authenticity #Free return within 5 days* *please check our conditions of sales for details",Tokant,2026-06-18,False
2011 Jaeger-LeCoultre Memovox Tribute to Deep Sea Alarm DSA US Version Ref:Q2028440 Full set Only 359 Ex !,Other,12490,https://tokant-paris.com/products/2011-jaeger-lecoultre-memovox-tribute-to-deep-sea-us-version-ref-q2028440-full-set-only-359-ex,https://cdn.shopify.com/s/files/1/0504/5724/7928/files/Tokant_SeaDweller_16600-Recupere-Recupere-Recupere-Recupere_0746e874-aa00-4251-8247-19f5d4d2b07c.jpg?v=1779959099,"Brand : Jaeger Lecoultre Model : Q2028440 Size : 40,5 mm Movement : Automatic by Jaeger Lecoultre Case : Top conditions case, mint & clean Dial : Superb black rotating dial, flawless Bracelet : Original bracelet in good conditions + 1 NEW Original Bracelet Accessories : Full Collector set Why we bought it ? We particularly like the US Version, spectacular rotating dial a beautiful piece easy to wear and very useful taking your bath. Only 359 pieces ever produced Please remember : #We are TOP trusted verified 4,9/5 at Truspilot & 5/5 AT GOOGLE #1 year guarantee of good running* #Free shipping/insurance worldwide #Express shipping #Lifetime guarantee of authenticity #Free return within 5 days* *please check our conditions of sales for details",Tokant,2026-05-28,False
2024 Tudor Pelagos Titane Edition DGSI ref: 25407N Full Set 200Ex ! NEW,Other,8290,https://tokant-paris.com/products/2024-tudor-pelagos-titane-edition-dgsi-ref-25407n-full-set-200ex-new,https://cdn.shopify.com/s/files/1/0504/5724/7928/files/26511D_0000_26052026-IMG_0001.jpg?v=1779803393,"Brand : Tudor Model : Titanium Pelagos Size : 39 mm Movement : self-winding caliber MT5400 Case : NEW in Titanium Dial : Super well balanced dial very readable with the French Military DGSI logo Bracelet : Like new in titanium Accessories : 2024 full set with 2 additional rubber bracelets Why we bought it ? Only produced at 200 Ex for the 10 years of French Military DGSI.. Just assume you always wanted to be a spy... Please remember : #We are TOP trusted verified 4,9/5 at Truspilot #1 year guarantee of good running* #Free shipping/insurance worldwide #Express shipping #Lifetime guarantee of authenticity #Free return within 5 days* *please check our conditions of sales for details",Tokant,2026-05-26,False
"2021 Tudor Black Bay 58 ""DRPP"" Ref: 79030N Full Set Full NEW & 50 Ex",Other,8890,https://tokant-paris.com/products/2021-tudor-black-bay-58-drpp-ref-79030n-full-set-full-new-50-ex,https://cdn.shopify.com/s/files/1/0504/5724/7928/files/Tokant_SeaDweller_16600-Recupere-Recupere-Recupere-Recupere_f3b178bf-d797-4222-ab7f-5cb27dcfa478.jpg?v=1779803670,"Brand : Tudor Model : Black Bay Fifty-Eight 79030N DRPP Size : 39 mm Movement : MT5402 Case : Super cool Black Bay case, NEW Dial : Superb Black dial with snowflake hands with a gorgeous red signature: SEMPER IN MALI UMBRA II (toujours à l'ombre du mal...) Bracelet : Original Stainless Steel Riveted bracelet Accessories : Full set boxes, Perfect NEW Why we bought it ? Not just another Black Bay, its the special DRPP Direction du Renseignement de la préfecture de police ... edition made only in 50 pieces worldwide. Commissioned for the french Police Please remember : #We are TOP trusted verified 4,9/5 at Truspilot & 5/5 at Google #1 year guarantee of good running* #Free shipping/insurance worldwide #Express shipping #Lifetime guarantee of authenticity #Free return within 5 days* *please check our conditions of sales for details",Tokant,2026-05-26,False
1989 Rolex Daytona Zenith ref 16520: 4 lines MK2 Bezel Ultra Rare WOW ! Beautiful,Other,34990,https://tokant-paris.com/products/1989-rolex-daytona-zenith-ref-16520-4-lines-mk2-bezel-ultra-rare-wow,https://cdn.shopify.com/s/files/1/0504/5724/7928/files/26420D_0000_15042026-IMG_0002.jpg?v=1776269518,"Brand : Rolex Model : 16520 Daytona Size : 40 mm Movement : 4030 El Primero Zenith Case : Fantastic case, all original, and super fat L33 serial. Original and very rare MK2 225 bezel in Excellent conditions Dial : Awesome condition original and super rare 4 line dial. Produced for only 6 months, missing the words ""Officially Certified"" The balance of the four lines is lovely Bracelet : Original bracelet, 100% brushed, ref 78360 with correct N clasp, correct 503 end-links, also super rare Accessories : Watch Only Why we bought it ? The 16520 ref is maybe the most sexy Daytona of the modern era ! The 4 lines was produced for only 6 months end of 1988 - middle of 1989. Maybe a few hundreds pieces were produced. A true Banger ! FULL SPECS EARLY ZENITH DAYTONA AREN'T EASY TO FIND L343 serial 225 bezel 78360/503/N clasp bracelet here we really have a rare Daytona, one of the rarest configuration of all times, in beautiful conditions, and coming from the first owner, wow, come on! Please remember : #1 year guarantee of good running* #Free shipping/insurance worldwide #Express shipping #Lifetime guarantee of authenticity #Free return within 5 days* *please check our conditions of sales for details",Tokant,2026-04-15,False
2010 (Circa) A.Lange & Söhne Rose Gold Grey dial Grand Saxonia ref: 307.033: TOP CONDITIONS & Watch Only,Other,15890,https://tokant-paris.com/products/2010-circa-a-lange-sohne-rose-gold-terra-dial-grand-saxonia-ref-307-033-top-conditions-watch-only,https://cdn.shopify.com/s/files/1/0504/5724/7928/files/26414D_0000_14042026-IMG_0003.jpg?v=1776160096,"Brand : A.Lange und Söhne Model : Grand Saxonia ref: 307.03 3 Size : 40,5 mm Movement : L921.2 sax-0-mat - Power reserve 46 hours Case : Superb Rose gold case ""à la Lange"". For us one of the best case maker of the market. Top conditions Dial : Fantastic anthracite grey dial, luminous hands, big petite seconde Bracelet : Original Brown alligator strap with its rose gold Lange buckle Accessories : Watch Only Why we bought it ? A legendary watchmaker super volatile piece at a smooth price ! Please remember : #1 year guarantee of good running* #Free shipping/insurance worldwide #Express shipping #Lifetime guarantee of authenticity #Free return within 5 days* *please check our conditions of sales for details",Tokant,2026-04-14,False
2018 De Bethune Rose gold DB25 LRS1V1 : NEW OLD STOCK & FULL SET,Other,49990,https://tokant-paris.com/products/2018-de-bethune-rose-gold-db25,https://cdn.shopify.com/s/files/1/0504/5724/7928/files/CAP24_DEBETHUNE_0017_115-9331.jpg?v=1705953305,"Brand : De Bethune Model : DB 25 in rose gold, moon phase DB25 LRS1V1 Size : 44 mm Movement : DB2105S fantastic manual winding movement with power reserve on the back and silicon escapement wheel Case : New rose gold DB case, fantastic lugs for a fantastic look. Dial : Pure and modern at the same time, look at the camera, ahah, its a moon phase ;) Bracelet : Original leather strap in NEW conditions, on DB rose gold pin buckle Accessories : FULL SET Boxes, guarantee card Why we bought it ? Super rare, super fine, independant at its best, LOVE IT ! WORDS FROM DB ON THE WATCH: @ The DB25 Moon Phase is one of our most classical and iconic models, a vision of understanding the past and present of watchmaking; history inspired design cues and the first watch to feature our silicon balance wheel, in the calibre DB2105V1. Now available nine years after its initial release. A blend of aestheticism and technological innovation, for a pure, clean classic. An 18k rose gold case. Constructed out of three parts, a screw case back, bezel and a case-band with lugs all machines out of a single block of gold, which helped us create extremely slim but solid lugs, using a 5-axis machine process to avoid the need for welding. This golden frame surrounds a vibrant dial of light and purity. It has everything from depth and texture to clarity. Twelve silver-toned hand-guilloché sectors radiate in the light, unique on account of the significantly skilled handwork carried out on each piece. Bold Roman numerals and the minute chapter ring create a historical feel. Sitting at twelve o’clock is a three-dimensional moon-phase consisting of two hemispheres constructed from palladium and flamed-blued steel, set in a dramatic star-studded sky in blued mirror-polished steel, inlaid with rose gold stars. To create this sky, five different operations had to be carried out, starting with a steel sheet, little holes are pieced which are then enlarged into the shape of stars. Tiny pieces of gold are pressed into the metal sheet, which is then polished. Finally, this steel sheet is flame-blued to give it the colours of the sky. This moon-phase is another De Bethune Patent, with an accuracy of one lunar day every 122 years! Finishing of the dial is the hand-polished flame-blued steel curved hands. This curved design allows the hands to pass over the three-dimensional moon-phase unimpeded. Inside the DB25 Moon-phase sits our DB2105V1 calibre. Constructed from 305 parts and 29 jewels, and an impres",Tokant,2022-07-12,False
2011 Audemars Piguet RO Offshore Jarno Trulli Ref: 26202AU Watch Box Extract Limited Edition 500,Other,25490,https://tokant-paris.com/products/2011-audemars-piguet-ro-offshore-jarno-trulli-ref-26202au-watch-box-extract-limited-edition-500,https://cdn.shopify.com/s/files/1/0504/5724/7928/files/Tokant_SeaDweller_16600-Recupere-Recupere-Recupere_effb9a5e-ed67-4d21-917e-37b2a4d4bb16.jpg?v=1775480327,"Brand : Audemars Piguet Model : Offshore Jarno Trulli Ref: 26202AU Size : 42 mm Movement : 3126/3840 by AP Case : Gorgeous Forged Carbon case Dial : Grey/Silver big gloss tapisserie dial with nice red touch, Cermet Bezel Bracelet : 3 Ap Bracelets, 2 black alligators & 1 Rubber with AP déployante buckle Accessories : Original Box & Extrait d'archives Why we bought it ? Motorsport F1 DNA done for Jarno Trulli driver and produced only in 500ex. 3 materials Cermet for the bezel, Forged carbon for the cast and Titanium for pushers and buckle Please remember : #1 year guarantee of good running* #Free shipping/insurance worldwide #Express shipping #Lifetime guarantee of authenticity #Free return within 5 days* *please check our conditions of sales for details",Tokant,2026-04-06,False
"1958 Rolex Submariner Exclamation point, ref: 5508 small crown Tropical & Rolex Box",Other,22950,https://tokant-paris.com/products/1958-rolex-submariner-ref-5508-small-crown-tropical-box,https://cdn.shopify.com/s/files/1/0504/5724/7928/files/Tokant_SeaDweller_16600-Recupere-Recupere-Recupere-Recupere.jpg?v=1774444763,"Brand : Rolex Model : 5508 Submariner Size : 37 mm Movement : 1530 Case : Original Case, Lightly polish with a remaining fat case.. 5508 Caseback Original Dial : Original dial, exclamation dot, turned brown-tropical, with Service tritium hands Bracelet : Later bracelet in good conditions, showing a 1972 clasp Accessories : None Why we bought it ? A high quality James Bond 5508 small crown Submariner, yes, with service parts, but at her age, U2 dont worry you will have some service parts too ! Please remember : #We are TOP trusted verified 4,9/5 at Truspilot & 5/5 AT GOOGLE #1 year guarantee of good running* #Free shipping/insurance worldwide #Express shipping #Lifetime guarantee of authenticity #Free return within 5 days* *please check our conditions of sales for details",Tokant,2026-03-25,False
"2006 Chopard Mille Miglia in 750 Rose gold, reference 16/1261: full set & service invoice",Other,17900,https://tokant-paris.com/products/2006-chopard-mille-miglia-in-750-rose-gold-reference-16-1261-full-set-service-invoice,https://cdn.shopify.com/s/files/1/0504/5724/7928/files/TKTV3-230.jpg?v=1773313964,"Brand : Chopard Model : Limited to 250 ex Mille Miglia in rose gold Size : 43 mm Movement : Jaquet J8721 Split second chronograph Case : Nice fat case, in good worn conditions. Can be polished on asking :) Dial : Perfect Mille Miglia signed blak dial Bracelet : Nice Rocher veau main black strap on the original heavy Chopard rose gold folded buckle Accessories : Original Mille Miglia box + Original Certificate + Chopard service invoice from 2018 Why we bought it ? Because a split-second cxhronograph in rose gold is already something special. And Chopard made only 250 of this one. Classic racing spirit, serious watchmaking and a complication you almost never see in any collection. A quiet sleeper.... but not for the ones who know ! Please remember : #We are TOP trusted verified 4,9/5 at Truspilot #1 year guarantee of good running* #Free shipping/insurance worldwide #Express shipping #Lifetime guarantee of authenticity #Free return within 5 days* *please check our conditions of sales for details",Tokant,2026-03-12,False
"2020 Rolex ""Artisans de Genève"" lefty John Mc Enroe Skeleton Ref 116610 Full set & RARE",Other,65980,https://tokant-paris.com/products/2020-rolex-artisans-de-geneve-lefty-john-mc-enroe-skeleton-ref-116610-full-set-rare,https://cdn.shopify.com/s/files/1/0504/5724/7928/files/251212D_25126_25123D_0000_17122025-IMG_0005.jpg?v=1765966459,"Brand : Rolex Model : Submariner 116610 Size : 40mm Movement : Rolex 3135 modified by Artisans de Genève Case : Hardly worn, top conditions, only some ultra superficials signs of wear (happy to see that some serious collectors wear there watches!) Dial : Crazy Skeleton dial & open case back, fantastic customization job, incredible Bracelet : Super Oyster With glidelock, matching conditions Accessories : Full Artisan Set Why we bought it ? Artisans de Genève are getting more and more recognized for their skills, Its time to take a serious look at their work. This collaboration with Mc Enroe is AMAZING Please remember : #1 year guarantee of good running* #Free shipping/insurance worldwide #Express shipping #Lifetime guarantee of authenticity #Free return within 5 days* *please check our conditions of sales for details",Tokant,2025-12-17,False
2025 Grand Seiko Heritage Collection Ref: SBGY011G Full Set,Other,6190,https://tokant-paris.com/products/2025-grand-seiko-heritage-collection-ref-sbgy011g-full-set,https://cdn.shopify.com/s/files/1/0504/5724/7928/files/2626D_0000_12022026-IMG_0001.jpg?v=1770903515,"Brand : Seiko Model : Grand Seiko SBGM031 Size : 40 mm Movement : 9R31 Caliber Case : Stainless steel case in perfect conditions Dial : White dial, beauty Bracelet : Original good conditions Alligator leather bracelet on GS folded buckle Accessories : Full Set Why we bought it ? Grand Seiko Spring Drive, a true reussite, well done Seiko Please remember : #We are certified partners at C24, top dealer, we are 5 stars at google & 4,9/5 at truspilot #1 year guarantee of good running* #Free shipping/insurance worldwide #Express shipping #Lifetime guarantee of authenticity #Free return within 5 days* *please check our conditions of sales for details",Tokant,2026-02-12,False
2025 Hentschel H1 Chronometer Limited Ed. For WatchProsite (20 pieces),Other,4950,https://tokant-paris.com/products/2025-hentschel-h1-chronometer-limited-ed-for-watchprosite-20-pieces,https://cdn.shopify.com/s/files/1/0504/5724/7928/files/251130D_0000_28112025-IMG_0003.jpg?v=1764581497,"Brand : Hentschel Model : H1 Chronometer Size : 39,5 mm Movement : HUW 1130 Premium factory movement with cotes de Geneve Case : New, Special marking on the case for the 20th Anniversary of WatchProsit e Dial : White laquered dial with enamel rendering. Deep blue writings Bracelet : New navy blue calf Accessories : Watch + Box and Conception Album Why we bought it ? Rare & cool piece, really premium in a limited edition of 20 pieces for WatchProsite 20th anniversary Please remember : #1 year guarantee of good running* #Free shipping/insurance worldwide #Express shipping #Lifetime guarantee of authenticity #Free return within 5 days* *please check our conditions of sales for details",Tokant,2025-12-01,False
2021 Girard Perregaux Laureato 81000-11-131-11A: Full 225th Anniversary Edition,Other,8990,https://tokant-paris.com/products/2021-girard-perregaux-laureato-81000-11-131-11a-full-225th-anniversary-edition,https://cdn.shopify.com/s/files/1/0504/5724/7928/files/251115D_0000_13112025-IMG_0003.jpg?v=1763045179,"Brand : GP Model : Laureato ref 81000-11-131-11A Size : 41 mm Movement : In house calibre Case : Worn but top conditions Dial : Very nice vibrant white clou de paris dial Bracelet : Integrated bracelet, worn but no stretch Accessories : FULL SET: Box, card Why we bought it ? 225th Anniversary Edition, only 225 pieces Please remember : #We are TOP trusted verified 4,9/5 at Truspilot #1 year guarantee of good running* #Free shipping/insurance worldwide #Express shipping #Lifetime guarantee of authenticity #Free return within 5 days* *please check our conditions of sales for details",Tokant,2025-11-13,False
2024 Bulgari Aluminium Capri Ref: 103815 Limited Edition Full Set New,Other,2690,https://tokant-paris.com/products/2024-bulgari-aluminium-capri-ref-103815-limited-edition-full-set-2024-new,https://cdn.shopify.com/s/files/1/0504/5724/7928/files/2594_0000_01092025-IMG_0001.jpg?v=1756721467,"Brand : Bulgari Aluminium Capri Model : 103815 Size : 40 mm Movement : Automatic Case : Aluminium with rubber bezel Dial : Blue gradient with yellow details Bracelet : Aluminium & rubber strap Accessories : Full set Why we bought it ? Pure summer on the wrist, light, bold, fun and rare. A limited run of just 1000 examples inspired by the waters of capri & yellow accents of Italian summer ! Please remember : #1 year guarantee of good running* #Free shipping/insurance worldwide #Express shipping #Lifetime guarantee of authenticity #Free return within 5 days* *please check our conditions of sales for details",Tokant,2025-09-01,False
2011 Jaeger Le Coultre Duomètre noir Ref: Q6013470 Full Set Limited 200 pieces !,Other,29490,https://tokant-paris.com/products/2011-jaeger-le-coultre-duometre-noir-ref-q6013470-full-set-limited-200-pieces,https://cdn.shopify.com/s/files/1/0504/5724/7928/files/25721D_0000_26072025-IMG_0009.jpg?v=1753521727,"Brand : Jaeger Lecoultre Model : Q6013470 Duomètre Size : 42 mm Movement : JLC Caliber 380 Dual wing system with chronograph and timekeeping barrels Case : Unpolished Excellent overall conditions Dial : Striking black dial with symmetric layout and jumping seconds Bracelet : Black veal JLC strap + JLC buckle Accessories : FULL SET Why we bought it ? Only 200 pieces ever produced. This JLC at its finest with its dual wing concept, housed in an elegant case with a hypnotic black dial. Rarely seen on the market Please remember : #1 year guarantee of good running* #Free shipping/insurance worldwide #Express shipping #Lifetime guarantee of authenticity #Free return within 5 days* *please check our conditions of sales for details",Tokant,2025-07-26,False
"1980 (Circa) AP ref 6005SA JUMBO ""Quartz Royal Oak""",Other,8490,https://tokant-paris.com/products/1980-circa-ap-ref-6005sa-jumbo-quartz-royal-oak,https://cdn.shopify.com/s/files/1/0504/5724/7928/files/Cover_2a9b5a87-ea77-4b0b-b8ea-c3cdf7622453.jpg?v=1746743029,"Brand : Audemars Piguet Model : 6005SA Jumbo Size : 32x41 mm Movement : AP 2511 Quartz caliber Case : Perfect super Sharp Dial : Beautiful & flawless grey dial , vibrant micro tapisserie Bracelet : No Stretch, a bit short (16cm) Accessories : Watch only Why we bought it ? Same but different Super Stunning Watch Please remember : Sold by Consign24, located in Florida, USA.Payment will be processed directly via our American bank, Chase. Consign24 will take care of insured shipping, and provide support in French if needed. #We are TOP trusted verified 4,9/5 at Truspilot & 5/5 AT GOOGLE #1 year guarantee of good running* #Free shipping/insurance worldwide #Express shipping #Lifetime guarantee of authenticity #Free return within 5 days* *please check our conditions of sales for details",Tokant,2025-05-09,False
2002 IWC Pilot Chronograph Ref: 3706 Full Set,Other,3650,https://tokant-paris.com/products/2022-iwc-pilot-chronograph-ref-3706-full-set,https://cdn.shopify.com/s/files/1/0504/5724/7928/files/2522OD_0013_21022025-IMG_0015.jpg?v=1740135316,"Brand : IWC Model : Big Pilot 3706 Size : 39 mm Movement : Automatic IWC Caliber 7922 Case : In mint overall conditions, Stainless steel Dial : Super well balanced dial & readable Bracelet : Mint black original croco leather strap with an original IWC steel buckle Accessories : Full set : Box, guarantee certificate, every booklets Why we bought it ? 39 mm is the perfect size, and the price is soft to start a real collection Please remember : #We are TOP trusted verified 4,9/5 at Truspilot #1 year guarantee of good running* #Free shipping/insurance worldwide #Express shipping #Lifetime guarantee of authenticity #Free return within 5 days* *please check our conditions of sales for details",Tokant,2025-02-21,False
"2009 Grand Seiko ""Tokyo test"" signed & from Joel Robuchon, spring drive, REF SBGA027",Other,3490,https://tokant-paris.com/products/25215d-9990,https://cdn.shopify.com/s/files/1/0504/5724/7928/files/25215D_0013_14022025-IMG_0010.jpg?v=1739548320,"Brand : Seiko Model : Grand Seiko Spring drive SBGA027 Size : 39 mm Movement : Spring drive, date & power reserve ! Case : Fantastic case, stainless steel, great quality construction, crown guards, top finish Dial : Very nice ""Spring drive"" signed black gloss dial, power reserve Bracelet : mega Mint conditions stainless steel Bracelet Accessories : Nothing Why we bought it ? Because it was in the private collection of one of the greatest chef of all time: Joel Robuchon (was his own personal watch) who was doing the best Purée ever, and because it's a perfect smart balanced daily piece Please remember : #We are certified partners at C24, top dealer, we are 5 stars at google & 4,9/5 at truspilot #1 year guarantee of good running* #Free shipping/insurance worldwide #Express shipping #Lifetime guarantee of authenticity #Free return within 5 days* *please check our conditions of sales for details",Tokant,2025-02-14,False
2019 Blancpain Villeret Quantième Complet ref: 6654A-1127-55B Full Set,Other,8990,https://tokant-paris.com/products/2019-blancpain-villeret-quantieme-complet-ref-6654a-1127-55b-full-set,https://cdn.shopify.com/s/files/1/0504/5724/7928/files/24114D_0011_13112024-IMG_0005.jpg?v=1731503734,"Brand : Blancpain Model : Villeret Size : 40 mm Movement : Caliber 6654 Case : Beautiful in perfect condition Dial : Perfect, Complete calendars, date, day of the week and month. Changing face of the moon - Moon phases reproduction of lunar cycles Bracelet : Black crocodile strap with Blancpain buckle Accessories : Absolutely Full set Why we bought it ? Sincerely its quite cool to be able to afford a Quantieme Complet from a prestigious house like Blancpain Please remember : #We are TOP trusted verified 5/5 at Truspilot, 5 stars at GOOGLE, Certified trusted at C24 #1 year guarantee of good running* #Free shipping/insurance worldwide #Express shipping #Lifetime guarantee of authenticity #Free return within 5 days* *please check our conditions of sales for details",Tokant,2024-11-13,False
"2024 Rolex platinum Day-Date 40 ref: 228236 Green dial : NEW,  Full set & Stickers",Other,67950,https://tokant-paris.com/products/new-2024-rolex-228236-green-dial-in-platinum-fulln,https://cdn.shopify.com/s/files/1/0504/5724/7928/files/24715D_0013_189-12347.jpg?v=1720695511,"Brand : Rolex Model : Day-Date 228236 Size : 40 mm Movement : 3255 by Rolex Case : NEW: stickers here Dial : Fantastic Olive color Bracelet : New Stickers Accessories : June 2024 Full set : all boxes, new authenticity card type, booklets, green tag Why we bought it ? Real boy watch, feel the platinum weight, gorgeous & the cheapest of the market",Tokant,2024-07-11,False
2016 IWC Big Pilot Ref: 500906 Full set & Mint,Other,8990,https://tokant-paris.com/products/2016-iwc-big-pilot-ref-500906-full-set-mint,https://cdn.shopify.com/s/files/1/0504/5724/7928/files/23113D_0011_68-7144.jpg?v=1699367777,"Brand : IWC Model : Big Pilot 500906 Size : 46 mm Movement : 51111 Case : In mint overall conditions, Stainless steel Dial : Big Pilot Silver dial, very vibrant & readable Bracelet : Mint black original croco leather strap in top conditions with an original IWC steel buckle Accessories : Full set : Box, guarantee certificate, every booklets Why we bought it ? This one will fly you to the moon. Hop in your jet and let's go Please remember : #We are TOP trusted verified 4,9/5 at Truspilot #1 year guarantee of good running* #Free shipping/insurance worldwide #Express shipping #Lifetime guarantee of authenticity #Free return within 5 days* *please check our conditions of sales for details",Tokant,2023-11-07,False
"1960 (circa) IWC Ingenieur ref 666, black gloss dial",Other,6650,https://tokant-paris.com/products/1960-circa-iwc-ingenieur-ref-666-black-gloss-dial,https://cdn.shopify.com/s/files/1/0504/5724/7928/files/13_07_23_0016_19-4617.jpg?v=1689252061,"Brand : IWC Model : 666 first Ingenieur ever, Size : 36 mm Movement : 13 lignes 8521 Case : Very fat & nice super first series case Dial : Super black gloss dial , old signatures. Possibly relume Bracelet : Leather on a possibly original pin buckle Accessories : NONE Why we bought it ? A legend, here with the black emblematic gloss dial dial, possibly all original... Please remember : #We are TOP trusted verified 4,9/5 at Truspilot & 5/5 AT GOOGLE #1 year guarantee of good running* #Free shipping/insurance worldwide #Express shipping #Lifetime guarantee of authenticity #Free return within 5 days* *please check our conditions of sales for details",Tokant,2023-07-13,False
1955 IWC Ingenieur reference 666: Grey dial,Other,6650,https://tokant-paris.com/products/1955-iwc-ingenieur-reference-666-grey-dial,https://cdn.shopify.com/s/files/1/0504/5724/7928/files/13_07_23_0055_19-4565.jpg?v=1689251751,"Brand : IWC Model : 666 first Ingenieur ever, possibly the first year of production Size : 36 mm Movement : 13 lignes 8521 Case : Very nice super first series case Dial : Superb grey dial , old signatures Bracelet : Leather on a possibly original pin buckle Accessories : Some services papers + the extract of the archives Why we bought it ? A legend, here with the grey dial, possibly all original... Please remember : #We are TOP trusted verified 4,9/5 at Truspilot & 5/5 AT GOOGLE #1 year guarantee of good running* #Free shipping/insurance worldwide #Express shipping #Lifetime guarantee of authenticity #Free return within 5 days* *please check our conditions of sales for details",Tokant,2023-07-13,False
1984 (circa) Rolex Submariner no date ref 5513: Original papers & top conditions !,Other,12990,https://tokant-paris.com/products/1984-circa-rolex-submariner-no-date-ref-5513-original-papers-top-conditions,https://cdn.shopify.com/s/files/1/0504/5724/7928/files/2369D_2525D_2515_0002_05022025-IMG_0022.jpg?v=1738754499,"Brand : Rolex Model : 5513 Submariner Size : 40 mm Movement: 1520 non certified chronometer Case : 8,6m serial, fantastic fat conditions, possibly (more than possible but let's stay calm ;) ) UNTOUCHED/UNPOLISHED. Original bezel in same conditions, crazy cool full glossy insert, blue to grey to grey to blue Dial : Very good dial, original, matching hands, top conditions. Nice spider effect, visible only in certain angles to put a cool smile on your face Bracelet : Perfect original bracelet, ref 93150 with 580 end links. J clasp code Accessories : Original guarantee, booklet, paper holder. Rare & cool Why we bought it ? You just read our enthusiasm about this watch, th case, the dial, the global matching, the papers... PERFECT ! Please remember : #We are TOP trusted verified 4,9/5 at Truspilot & 5/5 AT GOOGLE #1 year guarantee of good running* #Free shipping/insurance worldwide #Express shipping #Lifetime guarantee of authenticity #Free return within 5 days* *please check our conditions of sales for details",Tokant,2023-06-23,False
1987 (circa) Rolex Day-Date in yellow gold ref 18038: Impressive WOOD DIAL,Other,22900,https://tokant-paris.com/products/1987-circa-rolex-day-date-in-yellow-gold-ref-18238-impressive-wood-dial,https://cdn.shopify.com/s/files/1/0504/5724/7928/products/18238R358805_R358628_0018_116234U764Q565-3083.jpg?v=1682075143,"Brand : Rolex Model : Day-Date 18038 double quickset Size : 36 mm Movement : 3055 by Rolex Case : Nice conditions R serial case, please note some cracks on the cristal (can be changed) Dial : Fantastic, impressive, gorgeous, ETC ! Wood dial are so fun, so beautiful, this one with light tons is even more cool ! wow ! Bracelet : Original & good conditions president bracelet, ref 8385 with K clasp code Accessories : NONE Why we bought it ? So beautiful, we are wood dial lovers, this one, wow, perfect beauties ! please ENJOY Please remember : #We are TOP trusted verified 4,9/5 at Truspilot & 5/5 AT GOOGLE #1 year guarantee of good running* #Free shipping/insurance worldwide #Express shipping #Lifetime guarantee of authenticity #Free return within 5 days* *please check our conditions of sales for details",Tokant,2023-04-21,False
1991 (circa) RARE Rolex COMEX submariner ref 16610: Full set,Other,91990,https://tokant-paris.com/products/1991-circa-rare-rolex-comex-submariner-ref-16610-full-set,https://cdn.shopify.com/s/files/1/0504/5724/7928/products/16610COMEXN399233_0010_13janvier23-1238.jpg?v=1673627046,"Brand : Rolex Model : Submariner Size : 40 mm Movement : 3035 by Rolex, running well Case : Nice conditions case, lightly polished in the past. Original bezel insert with a cool signs of life. Original case back with big number engraving Dial : Top conditions tritium dial with the COMEX big logo, original hands, 100% perfect conditions. Rare ! Bracelet : original stainless steel 93150/580 with R clasp code Accessories : FULL SET: boxes, original code 119 papers, booklets etc Why we bough it ? A part of the legend! 150 tritium dial 16610 has been produce for the COMEX... When you want to be part of the group but different. Zlatan mode.... #daretobedifferent Please remember : #We are TOP trusted verified 4,9/5 at Truspilot #1 year guarantee of good running* #Free shipping/insurance worldwide #Express shipping #Lifetime guarantee of authenticity #Free return within 5 days* *please check our conditions of sales for details",Tokant,2023-01-13,False
