title,brand,price,url,img,description,source,date,sold,priceOnRequest
Joe DiMaggio's Patek Philippe Breguet Dial Reference 130 Chronograph in 18K YG w/ Extract,Patek Philippe,1200000,https://www.windvintage.com/joe-dimaggios-patek-philippe-breguet-dial-reference-130-chronograph-in-18k-yg-w/-extract,https://images.squarespace-cdn.com/content/v1/5b213f95506fbec9b54e014c/1787880799955-QOVTGXRRCCZ4IU4QB5AS/Image+20.jpeg,"This remains the longest consecutive-game hitting streak in MLB history to this day! Throughout the May 15 to July 16, 1941 streak, he batted .408 with 15 home runs and 55 RBIs. Joltin’ Joe’s career started alongside the “Iron Horse” Lou Gehrig and ended alongside Micky Mantle. He operated at the intersection of two legendary Yankees eras (with Gehrig who played alongside Babe Ruth and was part of the Murderers’ Row 1927 Yankees team) and then with Mantle who of course had the legendary home run duel with his teammate Roger Maris in 1961. From 1943–1945, DiMaggio served in the U.S. Army Air Forces during World War II (which many cite as his prime years). DiMaggio had a lifetime batting average of .325 and accumulated 361 home runs. In 1955, DiMaggio was elected into the National Baseball Hall of Fame. In 1969, Joe DiMaggio was voted the greatest living baseball player. He famously married Marilyn Monroe in 1954 and they had a short marriage, but they rekindled their relationship years later and were reportedly close to marrying again before Monroe passed in 1962. According to the Extract from the Archives, this timepiece was produced in 1947 and was sold on December 12, 1948. The dial features beautiful hand-cut Breguet numerals which are confirmed in the Extract notes. It features the tachymeter scale demarcated for miles on the perimeter of the dial. This example features the spade hand configuration which was popular in the American market during the late 1940s. The watch is powered by the prestigious calibre 13-130 which was featured in many of the most important chronographs from Patek Philippe in this period. The case measures 33mm in diameter, and wears large at 41mm lug-to-lug. The 18k yellow gold case was produced by Emile Vichet, the Geneva master casemaker and features the Poinçon de Maître number 9. (Stainless steel reference 130s were produced by Wenger, Crossier or Dubois.) Emile Vichet produced the gold cases for the legendary Patek Philippe reference",Wind Vintage,2026-04-19,False,False
Patek Philippe Fourth Series Reference 3940P-011 in Platinum Full Set,Patek Philippe,160000,https://www.windvintage.com/patek-philippe-reference-3940p-full-set,https://images.squarespace-cdn.com/content/v1/5b213f95506fbec9b54e014c/1786571831511-C5VIT9YQDWEBCVKHHT8R/Image+222.jpeg,The Patek Philippe reference 3940 perpetual calendar is one of the most elegant complicated timepieces one can find from any manufacturer. This watch features the thin self-winding calibre 240Q with microrotor. The case is 36mm and is made of platinum. The case appears to be unpolished. The watch has a solid caseback. It features a 4th series dial (these were produced from circa 1995 to 2007). The papers indicate it was sold in 2001. The calendar is in English. The Patek Philippe reference 3940 is one of the ultimate in discreet complications and finding a fantastic full set example like this one in platinum is extremely difficult. It comes with a Patek Philippe strap and a deployant buckle. It comes with box and papers. The watch was sold in 2003. We do not know the service history but it is keeping good time.,Wind Vintage,2026-04-19,False,False
Rolex White Dial Zenith Daytona 16520 Full Set,Rolex,39900,https://www.windvintage.com/rolex-white-dial-zenith-daytona-16520-full-set,https://images.squarespace-cdn.com/content/v1/5b213f95506fbec9b54e014c/1787161343933-2NNO4L8U74DIDLQUC7BA/Image+254.jpeg,"This is a fantastic Rolex Daytona reference 16520. It features an A3 serial dating it to circa 1999. The “Zenith Daytonas” have appreciated significantly the last few years as people respect the modified Zenith El Primero movements that Rolex used for their first automatic Daytonas starting in 1988. This example features the white dial variant with stainless steel case. It is paired with a reference 78390 Oyster bracelet with a X clasp code dating to circa 1999 and is original to the watch. The case appears to be unpolished. The bracelet appears to be lightly polished. The dial has a slight yellow discoloration near the crown. The watch features a Japanese case-back sticker. The watch was sold in Japan. It measures 40mm in diameter. This watch comes full set with box and papers and hangtag. We do not know the service history, but it is running well. It recently passed a water resistance test of 5 bar.",Wind Vintage,2026-04-19,False,False
Rolex Serpico Y Laino GMT-Master Reference 1675,Rolex,65000,https://www.windvintage.com/rolex-serpico-y-laino-gmt-master-reference-1675,https://images.squarespace-cdn.com/content/v1/5b213f95506fbec9b54e014c/1784829796257-FNLXS570Z3DGK1NJO3MK/Image+59.jpeg,"The Rolex GMT-Master was originally designed for Pan Am pilots in the 1950s and continues to be a flagship model for Rolex to this day. The reference 1675 was introduced in 1959 and remained in production until 1980. This is an incredible Rolex GMT-Master 1675 with a rare double-signed dial from the Venezuelan retailer Serpico Y Laino and engraved case back. These double-signed gilt GMT-Masters are incredibly rare, and to feature one with the prestigious retailer of the finest Rolex and Patek Philippe models is truly special. It has a 1.14M serial number dating to circa 1964-1965. It features an incredible gilt dial. The luminous material is attractive. The aluminum bezel insert features a beautiful blue and autumn red color which is one of my favorites of all time. The case has been polished in the past. It is paired on a tight Rolex 7206 Rivet bracelet with 58 end links dating to 1964. It does not come with box and papers. We do not know the service history, but it is running well. It recently passed a water resistance test of 5 bar. To learn more about the Rolex GMT-Master you can watch the ‘Reference Points: Understanding The Rolex GMT-Master' video and corresponding article I produced. You can also read Charlie Dunne’s comprehensive article ‘ Collector's Guide: The Rolex GMT-Master Reference 1675 In Steel ’.",Wind Vintage,2026-04-19,False,False
Rolex Gilt GMT-Master Reference 1675,Rolex,29900,https://www.windvintage.com/rolex-gilt-gmt-master-1675,https://images.squarespace-cdn.com/content/v1/5b213f95506fbec9b54e014c/1787008424654-FM9Z24SHJ1KUQ1DLUCF7/Image+246.jpeg,The Rolex GMT-Master was originally designed for Pan Am pilots in the 1950s and continues to be a flagship model for Rolex to this day. The reference 1675 was introduced in 1959 and remained in production until 1980. This is a gilt-dial reference 1675 featuring a 1.22M serial number dating to circa 1966. The case has been polished. The aluminum bezel insert is super attractive. It is paired on a Rolex 7206 Rolex rivet bracelet with 80 end links dating to circa 1964. The case back features a green sticker that is not original to the watch. The hands have been color matched. We do not know the service history but it is running well. It recently passed a 5 bar water resistance test. The watch does not come with box and papers. To learn more about the Rolex GMT-Master you can watch the ‘Reference Points: Understanding The Rolex GMT-Master' video and corresponding article I produced. You can also read Charlie Dunne’s comprehensive article ‘ Collector's Guide: The Rolex GMT-Master Reference 1675 In Steel ’.,Wind Vintage,2026-04-19,False,False
Rolex GMT-Master II Pepsi 126710BLRO on Jubilee Bracelet Full Set Unpolished,Rolex,24000,https://www.windvintage.com/rolex-gmt-master-ii-pepsi-126710blro-on-jubilee-bracelet-full-set,https://images.squarespace-cdn.com/content/v1/5b213f95506fbec9b54e014c/1785372418634-JEAYBZEDAVOFOIE7FXH9/Image%2B33.jpg,"A from the models created for Pan Am pilots in the 1950s. Due to its incredible heritage and iconic look, it remains a flagship model for Rolex to this day. The discontinuation of the Pepsi GMT has left collectors eager to secure the iconic watch. The watch appears to be unpolished. was purchased from the original owner, and is “full set” with its original box and papers. It was sold in 2019. To learn more about the Rolex GMT-Master you can watch the ‘Reference Points: Understanding The Rolex GMT-Master' video and read the corresponding article.",Wind Vintage,2026-04-19,False,False
Rolex GMT-Master II Pepsi 126710BLRO w/ Jubilee Full Set Unpolished,Rolex,29900,https://www.windvintage.com/rolex-gmt-master-ii-pepsi-126710blro-on-jubilee-full-set-unpolished-1-1,https://images.squarespace-cdn.com/content/v1/5b213f95506fbec9b54e014c/1787161247277-5AVRPES5DK2422FIB6CU/Image+252.jpeg,"The Rolex “Pepsi” GMT-Master II reference 126710BLRO is one of the most sought-after modern sports watches today. It captures the iconic DNA from the models created for Pan Am pilots in the 1950s. Due to its incredible heritage and iconic look, it remains a flagship model for Rolex to this day. This example is in outstanding condition with very minimal wear. It measures 40mm in diameter. The watch was originally sold in 2018 and is a first year production. It comes full set with box and papers. We do not know the service history but it is running well. It recently passed a water resistance test of 5 bar. To learn more about the Rolex GMT-Master you can watch the ‘Reference Points: Understanding The Rolex GMT-Master' video and read the corresponding article.",Wind Vintage,2026-04-19,False,False
Rolex GMT-Master Ref 16750 Box &amp; Papers,Rolex,19900,https://www.windvintage.com/rolex-gmt-master-ref-16750-box-papers,https://images.squarespace-cdn.com/content/v1/5b213f95506fbec9b54e014c/1787008357325-0CZCISVF31DO9BSTC3MG/Image+245.jpeg,"This Rolex GMT-Master reference 16750 is an attractive example. It dates to circa 1985 with an 8.65M serial. The case has been polished, but it is nice. The insert is a beautiful example of the classic Pepsi. It is paired on a Rolex 78360 Oyster bracelet with 580 end links with I date code dating to circa 1984. To learn more about the Rolex GMT-Master, you can watch my ‘ Reference Points: Understanding The Rolex GMT-Master ' video and read the corresponding article. You can also read our comprehensive article on the previous reference ‘ Collector's Guide: The Rolex GMT-Master Reference 1675 In Steel ’. The watch comes with box and papers. We do not know the service history, but it is running well. It recently passed a water resistance test of 5 bar.",Wind Vintage,2026-04-19,False,False
Rolex GMT-Master Reference 16758 in 18K Yellow Gold,Rolex,35000,https://www.windvintage.com/rolex-gmtmaster-reference-16758-in-18k-yellow-gold,https://images.squarespace-cdn.com/content/v1/5b213f95506fbec9b54e014c/1784910799793-UIM7KKQ25XCAEKKXP1PQ/Image+93.jpeg,"The Rolex GMT-Master was originally designed for Pan Am pilots in the 1950s and continues to be a flagship model for Rolex to this day. The reference 1675 was introduced in 1959 and remained in production until 1980. This is a cool 16758 featuring an 6.6M serial number, dating to circa 1981. The 18k yellow gold case and bracelet has been polished. It has a beautiful sunburst dial. The second hand has been relumed. The watch will fit a wrist slightly above 7 inches. The insert is for a two-tone GMT-Master. It comes with a later all brown insert from the late 1990s. To learn more about the Rolex GMT-Master you can watch the ‘Reference Points: Understanding The Rolex GMT-Master' video and corresponding article I produced. You can also read Charlie Dunne’s comprehensive article ‘ Collector's Guide: The Rolex GMT-Master Reference 1675 In Steel ’. It does not come with box or papers. We do not know the service history, but it is running well. It recently passed a 5 bar water resistance test.",Wind Vintage,2026-04-19,False,False
Rolex GMT-Master Ref 1675 in 18K YG,Rolex,23000,https://www.windvintage.com/rolex-gmt-master-ref-1675-in-18k-yg,https://images.squarespace-cdn.com/content/v1/5b213f95506fbec9b54e014c/1787851507147-R07PAMM8F6GC6AN2KVZN/Image+58.jpeg,"The Rolex GMT-Master was originally designed for Pan Am pilots in the 1950s and continues to be a flagship model for Rolex to this day. This is a very cool yellow gold reference 1675 (1675/8). This example features a 5.6M serial dating to circa 1978. The case has been polished in the past. The hands appear to have been color matched. To learn more about the Rolex GMT-Master you can watch the ‘Reference Points: Understanding The Rolex GMT-Master' video and corresponding article I produced with HODINKEE. You can also read about the iconic watch in Charlie Dunne’s Collector's Guide: The Rolex GMT-Master Reference 1675 In Steel . The watch does not come with box and papers. We do not know the service history, but it is running well.",Wind Vintage,2026-04-19,False,False
Rolex Explorer II Reference 1655,Rolex,39000,https://www.windvintage.com/rolex-explorer-ii-reference-1655-1-11-1,https://images.squarespace-cdn.com/content/v1/5b213f95506fbec9b54e014c/1787852924766-LG8AGCLYHSK0IU2QGW42/Image+15.jpeg,"These watches also have the nickname ‘Freccione’ meaning ‘big arrow’ in Italian and are sometimes falsely called the “Steve McQueen” despite no evidence he ever owned or wore one. A slow seller when initially released, the reference 1655 has gained a cult following due its unusual and distinctive design. The reference 1655 is one of the references I am asked most often to find for collectors. It dates to circa 1984 (8.27 million serial number). It features the automatic calibre 1575 made by Rolex. It is paired on a 73860 Oyster bracelet with H date code (1983) with 580 end links. The case profile at 9 o’clock may have been lightly polished, but the bezel. lugs and remainder of the case appear to be unpolished. It is an outstanding example. It does not come with box and papers. We do not know the service history, but it is running well. It recently passed a water resistance test of 5 bar.",Wind Vintage,2026-04-19,False,False
Rolex Explorer II Reference 16570 Black Dial w/ Box,Rolex,7500,https://www.windvintage.com/rolex-explorer-ii-reference-16570-black-dial-w/-box,https://images.squarespace-cdn.com/content/v1/5b213f95506fbec9b54e014c/1787683472296-QEBYTPLM0S5NY77LYKM9/Image+8.jpeg,"This Rolex Explorer II reference 16570 is a fantastic sports watch. The case measures 40mm and has a case thickness of 12.2 mm. The case is lightly polished. The watch features a F serial and dates to circa 2003. The black dial is very traditional and attractive. It features a 78790A bracelet dated to 2003 with solid end links. The watch does not come with papers. It does come with a box. We do not know the service history, but it is running well. It recently passed a water resistance test of 5 bar.",Wind Vintage,2026-04-19,False,False
Rolex Frog Foot Explorer I Reference 1016 Unpolished Box &amp; Papers,Rolex,39000,https://www.windvintage.com/rolex-frog-foot-explorer-i-reference-1016-unpolished-box-papers,https://images.squarespace-cdn.com/content/v1/5b213f95506fbec9b54e014c/1785372266735-0XYSYWLI1EBA6K8LNAY2/Image%2B105.jpg,"Introduced in 1960 an icon was born in the Rolex Explorer reference 1016. The 1016 was produced until circa 1989. The ref. 1016 marked the first Explorer with “Superlative Chronometer Officially Certified"" printed on the dial. It is one of the most desired timepieces and for great reason. The 1016 is one of the purest expressions of watch design and for this reason that I am probably asked for vintage Explorer reference 1016s more than any other watch. his example features a 1.73 million serial number, dating the watch to circa 1967. It is paired on a 7206 Oyster bracelet dating to 1969 with 58 endlinks and made by Gay Frères. This example features the beautiful MK I (Mark 1) Frog Foot dial dial, and attractive warm luminous material. The case which appears to be unpolished. It features a beautiful case back engraving “IN APPRECIATION TO DONALD BECKER LAVERN ASMUSSEN DEC. 6, 1969”. For those looking for an epic Rolex Explorer reference 1016 with box and papers, this watch is an outstanding choice! To learn more about the history and evolution of the Rolex Explorer I, you can see my video and corresponding article Reference Points A Comprehensive Collector's Guide To The Rolex Explorer I . The watch comes full set with box and papers. We do not know the service history, but it is running well. It recently passed a water resistance test of 5 bar.",Wind Vintage,2026-04-19,False,False
Rolex Day-Date United States Merchant Marine Reference 18038 Unpolished,Rolex,49000,https://www.windvintage.com/rolex-day-date-united-states-merchant-marine-reference-18038-unpolished,https://images.squarespace-cdn.com/content/v1/5b213f95506fbec9b54e014c/1787849583364-X3V4KT8P491HTA3XEMJ3/Image+12.jpeg,"The Rolex Day-Date was introduced in 1956 and was the first watch to display the date, as well as the fully-spelled-out day of the week. This Rolex Day-Date reference 18038 is an incredibly attractive watch with an unbelievably rare United States Merchant Marine dial. This particularly with this original non-Rolex gold bracelet makes for a seriously impressive watch. We would rather have this logo on our watch than the signature of a despot who allegedly committed patricide, honestly! The 18K-gold case appears to be unpolished. It measures 36mm in diameter (43mm lug-to-lug). This particular example dates to circa 1986 with a 9.31M serial. The watch does not come with box and papers. We do not know the service history, but it is running well. It recently passed a water resistance test of 5 bar. For those looking for a prolific vintage Day-Date, this is one of the coolest examples we have offered!",Wind Vintage,2026-04-19,False,False
"Rolex ""Puzzle"" ""Jigsaw"" Day-Date Reference 128235 18K Everose Gold Full Set Unpolished",Rolex,279000,https://www.windvintage.com/rolex-puzzle-day-date-reference-128235-18k-everose-gold-full-set-unpolished,https://images.squarespace-cdn.com/content/v1/5b213f95506fbec9b54e014c/1783083468443-0TKX15PVCTOIMS883F1N/DSC00109.JPG,"The Rolex Day-Date is one of the world’s most iconic wristwatches. It was introduced in 1956 and was the first watch to display the date, as well as the fully-spelled-out day of the week. This Rolex “Puzzle” Day-Date is one of the most desirable wristwatches on the planet. Introduced at the 2023 Watches & Wonders, the Rolex “Puzzle” (or “Emoji”/”Jigsaw”) was a watch that made the watch community astonished and excited. Nobody was certain whether the watch was a hoax or an authentic release from The Crown. This “Puzzle” Day-Date in rose gold is in outstanding condition. It is an incredible off catalog Rolex. It features a “Puzzle” calendar features 31 emojis and the days are inspirational words (""Happy,"" ""Eternity,"" ""Gratitude,"" ""Peace,"" ""Faith,"" ""Love"" and ""Hope""). It features 10 rainbow baguette-cut sapphire hour indexes. The watch is powered by the Rolex Calibre 3255, with a 70-hour power reserve and a double quick-set day and date function. The case measures 36mm in diameter and approximately 43mm lug-to-lug. The watch is in excellent condition and appears to be unpolished. The watch recently passed a water resistance test of 5 bar. It comes as a “full set” with the original box and papers. It was sold in 2025. For those looking for an incredible and rare contemporary Rolex, this is a grail Day-Date.",Wind Vintage,2026-04-19,False,False
Rolex Hebrew Brown Vignette Day-Date Reference 18038 in 18K Yellow Gold w/ Papers &amp; RSC Card,Rolex,33900,https://www.windvintage.com/rolex-hebrew-brown-vignette-day-date-reference-18038-in-18k-yellow-gold-w/-papers-rsc-card,https://images.squarespace-cdn.com/content/v1/5b213f95506fbec9b54e014c/1786571353812-WX4KNPTC8E92XSB2XQA6/Image+221.jpeg,This Rolex Day-Date reference 18038 is an awesome timepiece. The case measures 36mm in diameter. It is made of 18k yellow gold. The bracelet will fit a wrist approximately 7 inches. Additional links can be purchased at a Rolex AD. It features a beautiful Brown Vignette dial with Superluminova. It is possible the dial was added later The watch features a Hebrew calendar. This example was sold in 1980. It features a 6.01M serial dating to circa 1979-1980. The case has been lightly polished. It does not come with box. It does come with papers. It also comes with a RSC Card that is under guarantee until 5/2028. We do not know the service history but it is running well. It recently passed water resistance test of 5 bar.,Wind Vintage,2026-04-19,False,False
Rolex Land-Dweller 36mm Ref 127234 in Stainless Steel Full Set Unpolished,Rolex,20900,https://www.windvintage.com/rolex-land-dweller-36mm-ref-127234-in-stainless-steel-full-set-unpolished,https://images.squarespace-cdn.com/content/v1/5b213f95506fbec9b54e014c/1787347965613-UGTLPHK5JF9HXP6ZG4XS/Image+263.jpeg,"The Rolex Land-Dweller is a monumental new release from the manufacturer with design cues from the Oysterquartz Day-Date and Datejust. The reference 127234 is beautiful 36mm case with one of the most comfortable bracelets. The watch is powered by the Rolex automatic calibre 7135 which is seen in the exhibition caseback. This example is unpolished. It features the beautiful honeycomb dial motif, and the 6 and 9 numerals inspired by the 1950s Rolex dials. We do not know the service history, but the watch is running well. It does comes full set with box and papers from the original owner. It was sold in 2025.",Wind Vintage,2026-04-19,False,False
Rolex Non-Luminous Grey Dial Datejust Reference 1601 Unpolished,Rolex,9900,https://www.windvintage.com/rolex-non-luminous-grey-dial-datejust-reference-1601-unpolished,https://images.squarespace-cdn.com/content/v1/5b213f95506fbec9b54e014c/1786999689936-LUR1HCVV1V7ZGWTZ161M/Image+244.jpeg,"The Simple Vintage Rolex Datejust In Steel ’. I’m constantly amazed by the quality and differentiations of the dials that Rolex used in vintage Datejusts over the decades. I have found the Rolex Datejust to be one of the most versatile watches a person can have. This Rolex Datejust Reference 1601 is an incredibly special example. It features a non-luminous grey dial that is extremely attractive. The watch dates to circa 1973 with a 3.2M serial. It is paired on a Jubilee bracelet with 55 end links dating to 1971. The case measures 36mm in diameter. The watch is in excellent condition and appears to be unpolished. It does not come with box and papers. We do not know the service history of this watch, but it is running great and keeping excellent time. It recently passed a water resistance test.",Wind Vintage,2026-04-19,False,False
Rolex Blue Dial Datejust Reference 1603 Unpolished,Rolex,9900,https://www.windvintage.com/rolex-blue-dial-datejust-reference-1603-unpolished,https://images.squarespace-cdn.com/content/v1/5b213f95506fbec9b54e014c/1785447037949-UK9Y0S82VVU7AI8VJSEW/Image+25.jpeg,"The Simple Vintage Rolex Datejust In Steel ’. I’m constantly amazed by the quality and differentiations of the dials that Rolex used in vintage Datejusts over the decades. I have found the Rolex Datejust to be one of the most versatile watches a person can have and the simplicity in this blue-dial reference 1603 is so beautiful. The watch dates to 1973 and features a 3.47 serial. The case measures 36mm in diameter and is paired on a 6251H Rolex Jubilee bracelet and 55 end links dating to 1969. The case appears to be unpolished. It does not come with box and papers. We do not know the service history of this watch, but it is running great and keeping excellent time. It just passed a water resistance test of 5 bar.",Wind Vintage,2026-04-19,False,False
Rolex Tropical Double Red Sea-Dweller Reference 1665 Thin Case,Rolex,99000,https://www.windvintage.com/rolex-double-red-sea-dweller-reference-1665-thin-case-tropical,https://images.squarespace-cdn.com/content/v1/5b213f95506fbec9b54e014c/1785875277382-6NBSZJC4UI9752LPASES/Image+172.jpeg,"This Rolex Sea-Dweller reference 1665 features the highly desired and vibrant ""Double Red"" dial and the rare thin case. The earliest Sea-Dwellers such as this example used cases like on the Rolex Submariner reference 5512, but with a helium escape valve (HEV) added to the left side of the case. The case is lightly polished, but in strong condition overall. The watch measures 40mm in diameter. It previously came from the original owner. The amazing tropical dial has the original tritium lume on the dial and hands. The aluminum bezel insert has faded to a beautiful grey color. The watch features a 1.7 million serial with inside case back dating to circa 1967. These were not assembled by Rolex to be Sea-Dwellers until later. The watch came from the original owner who purchased it new in New Zealand in the early 1970s. The gentleman’s wife was upset about the cost of the watch, but it was already purchased. The gentleman was a roofer and did various forms of manual labor. One day, he was on a roof and he took his watch off and left it on the roof so it would not get damaged while he was working. Unfortunately, he slipped and fell off the roof. He went to the hospital for a few days and when he regained his senses he realized his Rolex was probably still on the roof. He went back about a week later once he had left the hospital and promptly climbed onto the roof to find his watch still sitting there. He joked that spending the week in the sun up on the roof might have helped the dial turn “tropical” brown. The watch does not come with box and papers. Overall, this is an amazing opportunity to get a spectacular and rare Rolex sports watch. We do not know the service history, but it is running well. It recently passed a water resistance test of 5 bar.",Wind Vintage,2026-04-19,False,False
Rolex Sea-Dweller Reference 1665 Full Set w/ Service Papers,Rolex,35000,https://www.windvintage.com/rolex-sea-dweller-reference-1665-full-set-w/-service-papers,https://images.squarespace-cdn.com/content/v1/5b213f95506fbec9b54e014c/1785372253208-ZU76ZCLCHZRYALQD607Z/Image%2B4.jpg,"This Rolex Sea-Dweller reference 1665 is an attractive example that features a 5.38M million serial dating to circa 1978. The dial and hands have a nice color lume. The case has been polished in the past. The watch measures 40mm in diameter. It is paired on a service Rolex 93150 Oyster bracelet with OP3 date code dating to circa 2006. It features one 580 end link and one service 580 end link which are for Submariners (not Sea-Dwellers). The watch comes with box and papers. It also comes with Rolex service papers dating to 2021. We do not know the service history, but it is running well. It recently passed a water resistance test of 5 bar.",Wind Vintage,2026-04-19,False,False
Rolex Submariner Reference 14060M Unpolished w/ Papers,Rolex,11900,https://www.windvintage.com/rolex-submariner-reference-14060m-unpolished-w-papers,https://images.squarespace-cdn.com/content/v1/5b213f95506fbec9b54e014c/1786571866029-BWOW4O76KDMDDZ2WODD4/Image+223.jpeg,"This Rolex Submariner reference 14060 dates to circa 2006 with an Z6 serial. It was sold in 2008. The case appears to be unpolished and measures 40mm in diameter. It is paired on an Oyster 93150 bracelet with 501 B end links and OP date code dating to 2006. To learn more about the Rolex Submariner, dive into ‘ Reference Points: Understanding The Rolex Submariner ’ video and corresponding article. The watch does not come with a box. It does come with papers. We do not know the service history, but it is running well. It recently passed a water resistance test of 5 bar.",Wind Vintage,2026-04-19,False,False
Rolex Meters First Submariner Ref 5513 Unpolished,Rolex,29000,https://www.windvintage.com/rolex-meters-submariner-5513-unpolished,https://images.squarespace-cdn.com/content/v1/5b213f95506fbec9b54e014c/1786449272002-1VUBWICQ9EIHVM8DTUKE/Image+208.jpeg,"First Submariner Ref 5513 Unpolished This Rolex Submariner reference 5513 is an incredibly attractive example with beautiful puffy lume. The watch has a 1.96M serial dating to circa 1969. It features the original bezel insert and twinlock crown. The case appears to be unpolished. It is was paired on a 7206 rivet bracelet with 80 end links which are correct dating to 1969. The bracelet appears to be original to the watch. It could use tightening through Michael Young in Hong Kong. For those looking for an out of this world Submariner 5513, this is a spectacular example. Learn more about the iconic Submariner within Charlie Dunne’s comprehensive article “ Collector’s Guide: Understanding The Rolex Submariner Reference 5512 ’. To learn more about the Rolex Submariner, you can read my ‘Reference Points: Understanding The Rolex Submariner’ article and corresponding video . This watch does not come with box and papers. It features a TrueDome D 19 crystal. We do not know the service history, but it is running great! It recently passed a water resistance test of 5 bar.",Wind Vintage,2026-04-19,False,False
Rolex Submariner Feet First Dial Ref 5513,Rolex,14500,https://www.windvintage.com/rolex-submariner-feet-first-dial-ref-5513,https://images.squarespace-cdn.com/content/v1/5b213f95506fbec9b54e014c/1785514038610-YE57U3PQSHAIB62W0DIX/Image+158.jpeg,"First Dial Ref 5513 This Rolex Submariner is an incredible vintage example. The reference 5513 is an iconic sports watch which was introduced in circa 1962. The case has been polished in the past. This example features a 2.98M serial dating to circa 1972. It is paired on a Rolex Oyster 93150 bracelet with 580 end links with J5 date code dating to 1985. To learn more about the Rolex Submariner, you can watch my ‘ Reference Points: Understanding The Rolex Submariner ’ video and read the corresponding article. This watch does not come with box and papers. We do not know the service history but it is running well. It recently passed a water resistance test of 5 bar.",Wind Vintage,2026-04-19,False,False
Rolex Submariner Reference 5513 Unpolished,Rolex,23000,https://www.windvintage.com/rolex-submariner-reference-5513-unpolished-22-,https://images.squarespace-cdn.com/content/v1/5b213f95506fbec9b54e014c/1781810639978-E78CMWWQ3FWUTLRFM2ZN/Image+65.jpeg,"This Rolex Submariner is super attractive reference 5513 . It features a 5.15M serial dating to circa 1977-1978. The lume features a nice warm tone. It features the original bezel insert. It is paired on the rare Rolex 93150 bracelet with 580 end links dating to 1977. The case appears to be unpolished. The back of the lugs and between the lugs have some corrosion, but the serial is visible. Learn more about the iconic Submariner within Charlie Dunne’s comprehensive article “ Collector’s Guide: Understanding The Rolex Submariner Reference 5512 ’. To learn more about the Rolex Submariner, you can read my ‘Reference Points: Understanding The Rolex Submariner’ article and corresponding video . This watch does not come with box and papers. We do not know the service history, but it is running great! It recently passed a water resistance test of 3 bar.",Wind Vintage,2026-04-19,False,False
Rolex Panama Canal Submariner Reference 16610 Full Set,Rolex,95000,https://www.windvintage.com/rolex-panama-canal-submariner-reference-16610-full-set,https://images.squarespace-cdn.com/content/v1/5b213f95506fbec9b54e014c/1786449431970-OYWKHIE9X2R0LHYX1SVB/Image+209.jpeg,"This Rolex Submariner reference 16610 is a very special timepiece commemorating the 1999 transfer of the Panama Canal from the United States ownership to Panamanian ownership. Rolex purportedly produced 75 examples in stainless steel (along with 75 examples of the Submariner reference 16613 in two-tone). The dial is decorated by Rolex with the Panama Canal in substitution of the depth rating. These special dial Rolex models have been discontinued many years ago, but there is a rich history of special dials for corporations including the Rolex Domino's Air-Kings, Rolex Coca-Cola Oyster Perpetuals, and many more. Rarely did Rolex decorate dials for sport models and the Submariner is one of the outliers in this category. The case has been lightly polished but is attractive. The watch measures 40mm in diameter. It features an A serial and dates to 1999. It is paired on a Rolex 93150 bracelet with 501 B end links and X date code dating to 1999 and is likely original to the watch. The watch comes full set with box and papers. We do not know the service history, but it is running well. It recently passed a water resistance text of 5 bar. To learn more about the Rolex Submariner, you can watch my ‘ Reference Points: Understanding The Rolex Submariner ’ video and read the corresponding article.",Wind Vintage,2026-04-19,False,False
"Rolex Meters First Red Sub Submariner Ref 1680 w/ Papers, Receipt &amp; Letter of Provenance &amp; Photos",Rolex,35000,https://www.windvintage.com/rolex-red-sub-submariner-reference-1680-w/-papers-letter-of-provenance,https://images.squarespace-cdn.com/content/v1/5b213f95506fbec9b54e014c/1785875021315-9DXW7QEDKE1CBKS5Z8XW/Image+168.jpeg,"First Red Sub Submariner Ref 1680 w/ Papers, Receipt & Letter of Provenance & Photos This Rolex Submariner reference 1680 is an awesome sports watch dating to circa 1969-1970 with a 2.21M serial number. The watch features the “Meters First” “Red Sub” dial. It is a very special example that came from a dive enthusiast who worked at Costain International Limited company during the construction of Dubai International Airport in 1970. The watch was used during dives at the MV Dara wreck off the Trucial States coast. The case has been lightly polished in the past. The watch is paired on a Oyster folded link reference 9315 with 280 end links dating to circa 1970. The Long 5 bezel insert is also likely earlier than the watch. The watch comes with the receipt, catalog, photographs of the original owner, a letter of provenance and the original papers. It does not come with a box. We do not know the service history but it is running well. It just passed a water resistance test of 5 bars. To learn more about the Rolex Submariner, dive into my ‘ Reference Points: Understanding The Rolex Submariner ’ video and corresponding article.",Wind Vintage,2026-04-19,False,False
Rolex Serti Submariner Ref. 16613 Full Set,Rolex,15900,https://www.windvintage.com/rolex-serti-submariner-ref-16613-full-set,https://images.squarespace-cdn.com/content/v1/5b213f95506fbec9b54e014c/1786130719878-UFO0WQRH37R7H5W1BFLK/Image+203.jpeg,"This Rolex ""Serti"" Submariner Reference 16613 features a silver (slate) dial with diamonds and sapphires. It features a two-tone gold and stainless steel bezel and bracelet. The lug-to-lug length is 47mm and it measures 40mm in diameter excluding the crown. It features an Y serial dating to circa 2002. To learn more about the Rolex Submariner, you can watch my ‘ Reference Points: Understanding The Rolex Submariner ’ video and read the corresponding article. The watch comes with a box and papers. It was sold in 2003. We do not know the service history of this watch, but it is running well. It recently passed a water resistance test of 5 bar.",Wind Vintage,2026-04-19,False,False
Rolex Oyster Viceroy Imperial Reference 3121 Unpolished,Rolex,4900,https://www.windvintage.com/rolex-oyster-imperial-reference-3121-unpolished,https://images.squarespace-cdn.com/content/v1/5b213f95506fbec9b54e014c/1782511145446-Z508STYFCLLXL5YSQCKP/Image+134.jpeg,"This Oyster Precision Oyster Imperial reference 3121 features a cool non-luminous two-tone dial with gold outer ring. The watch dates to circa 1941. The case measures approximately 29mm in diameter (39mm lug-to-lug). It is a manual-wind movement. The case appears unpolished. It is paired with a modern bead of rice bracelet. The watch does not come with a box or papers. We do not know the service history, but it is running well.",Wind Vintage,2026-04-19,False,False
Rolex Ladies Oyster Perpetual Ref 76030 Unpolished,Rolex,4900,https://www.windvintage.com/rolex-ladies-oyster-perpetual-ref-76030-unpolished,https://images.squarespace-cdn.com/content/v1/5b213f95506fbec9b54e014c/1782229250555-3T61I1HNCYAGHI1Q2138/Image+91.jpeg,"This Rolex Oyster Perpetual is a super attractive ladies model with a steel engine turned bezel. This example features an attractive silver dial. The case measures 24mm in diameter. The watch features an K26 serial number dating to circa 2000. It features a DE date code on the bracelet, dating to circa 2001 and could be original to the watch. The case appears to be unpolished. The watch does not come with a box and papers. We do not know the service history, but it is running well. It recently passed a water resistance test of 5 bar.",Wind Vintage,2026-04-19,False,False
TUDOR Black Bay Royalty and Specialist Protection Dial Ref. 79030B Brand New Full Set,Tudor,19900,https://www.windvintage.com/tudor-black-bay-royalty-and-specialist-protection-dial-ref-79030b-brand-new-full-set,https://images.squarespace-cdn.com/content/v1/5b213f95506fbec9b54e014c/1787579331455-1CHI2HZ34WCCRT5UXVMC/Image.jpeg,"The TUDOR Black Bay 58 is one of the best modern watches. This particular example is one of only 300 examples produced for the Metropolitan Police officers serving within the Royalty and Specialist Protection branch (RaSP). These watches were in tribute to Her Royal Majesty Queen Elizabeth II’s platinum Jubilee in 2022. The dial and bezel is extremely attractive with the navy blue. The watch is in brand new condition and stickered. I love the model and have it within my personal collection! It is particularly interesting to vintage watches enthusiasts, as the design is very much inspired by the iconic Rolex “Big Crown” Submariner references 6538, 6200, 5510, and the TUDOR Submariner reference 7924. We do not know the service history, but it is running well. The watch comes full set with box and papers.",Wind Vintage,2026-04-19,False,False
F.P.Journe lineSport Centigraphe Reference CT2 in 18K Rose Gold Full Set New,Other,299000,https://www.windvintage.com/fpjourne-centigraphe-sport-reference-ct2-in-18k-rose-gold-full-set-new,https://images.squarespace-cdn.com/content/v1/5b213f95506fbec9b54e014c/1780321066679-AFBWA2LPABD0QJAMDXOX/Image+32.jpeg,"The Centigraphe Sport CTS was produced from 2014 to 2018. Collectors love the Centigraphe Sport for the sport-oriented design with incredible versatility. This example is an incredible case and bracelet are made of 18k rose gold (6N) which is incredibly comfortable and elegant on the wrist. F.P.Journe collectors love these bracelets and they are among the best quality in the industry. The case and bracelet feature the “hammered” finish which is an attractive matte finish which is much more attractive than other manufacturers. The case measures approximately 42mm in diameter. The dial features non-luminous matte 5N Gold applied numerals. It features whitened guilloché subdials in silver with red accents. These grey dial variants were recently discontinued and transitioned to a black dial variant, making this one of the final grey variants. The movement is an engineering highlight. It is powered by the calibre 1506 - a movement which is made of titanium and weighs approximately 12 grams. The lineSport Centigraphe Reference CT2 is arguably one of the most advanced chronograph models ever produced capable of timing one-hundredth of a second. The subdials feature a 1/100th of a second at 10 o'clock, a 20 second dial, and a 10-minute dial at 6 o'clock. The watch comes full set from the original owner. It is in brand new condition. The watch was originally sold in 2024.",Wind Vintage,2026-04-19,False,False
Patek Philippe Tiffany &amp; Co. Nautilus Reference 5990/1A-001 Full Set Unpolished,Patek Philippe,229000,https://www.windvintage.com/patek-philippe-tiffany-co-nautilus-reference-5990/1a-001-full-set,https://images.squarespace-cdn.com/content/v1/5b213f95506fbec9b54e014c/1781887765582-SU5YX2JD5JENMSDEP578/Image+68.jpeg,"The Patek Philippe Nautilus is perhaps the most desired watch on the planet. The introduction of the model marked the first true sports watch from the manufacturer in 1976. Along with the Audemars Piguet Royal Oak, it ushered in the world of integrated stainless steel watches which are adored by watch enthusiasts today. This particular model is a reference 5990/1A-001 dating to 2018. It is an incredibly special example with a double-signed dial from prestigious New York retailer Tiffany & Co. Tiffany-signed watches from Patek Philippe and Rolex are certainly the most desirable timepieces, so this Nautilus truly is a a grail watch. It features the new and highly coveted grey dial variant. It is powered by the CH 28-520 C FUS. The watch is in outstanding condition. The case appears to be unpolished. The stainless steel case measures 40.5mm in diameter. For those looking for a luxurious complicated sports watch, there are few superior options! The watch comes with the original box and papers. We do not know the service history but it is running well.",Wind Vintage,2026-04-19,False,False
Patek Philippe First Series Dial Reference 2526 in 18K Yellow Gold w/ Extract,Patek Philippe,79000,https://www.windvintage.com/patek-philippe-reference-2526-in-18k-yellow-gold-w/-extract,https://images.squarespace-cdn.com/content/v1/5b213f95506fbec9b54e014c/1785196186865-QDUGNCEEGXTUCIV7HNWI/Image+3.jpeg,"First Series Dial Reference 2526 in 18K Yellow Gold w/ Extract The Patek Philippe reference 2526 is an iconic watch and this is an incredibly attractive example in 18K yellow gold. The Patek Philippe Reference 2526 is renowned as the most attractive important of Patek Philippe’s automatic references. The watch dates to 1954 according to the Extract from the Archives - a first year of production 2526. The case has been polished. The dial is a beautiful First Series enamel dial that is extremely attractive. The case dimensions are 36mm in diameter and 41mm lug-to-lug. It comes with an 18mm Patek Philippe leather strap and features gold Patek Philippe buckle. It is powered by the iconic self-winding movement from Patek Philippe, the calibre 12-600. The watch does not come with box and papers. It does come with an Extract from the Archives. The watch was serviced in February of 2025.",Wind Vintage,2026-04-19,False,False
Abercrombie &amp; Fitch Auto-Graph Unpolished,Other,9900,https://www.windvintage.com/abercrombie-fitch-auto-graph,https://images.squarespace-cdn.com/content/v1/5b213f95506fbec9b54e014c/1785447144195-324O8FU2XXTWNO2UF5W6/Image+147.jpeg,"This Abercrombie & Fitch Auto-Mark is an uncommon and highly interesting model. The stainless steel case measures 35mm in diameter (approximately 42.5mm lug-to-lug). The case appears to be unpolished. It is paired on a contemporary beads of rice bracelet. The watch features a central hand that is changed through a pusher near 9 o’clock to mark a stopped time. The watch dates to the early 1950s. The watch does not come with a box and papers. We do not know the service history, but it is running great!",Wind Vintage,2026-04-19,False,False
Heuer USS Whale Carrera Reference 2447S Eggshell Dial,Heuer,19000,https://www.windvintage.com/heuer-white-whale-carrera-reference-2447s-eggshell-dial,https://images.squarespace-cdn.com/content/v1/5b213f95506fbec9b54e014c/1776862945772-7S05DLHS12L7G5BLZP71/Image+50.jpeg,"This annual watch prize tradition started in 1938 and continues to this day. L.Y. Spear, President of the Electric Boat Company (which became General Dynamics), started the Spear Foundation in 1942 with an endowment to fund the watch prize. The Spear Foundation allowed the shipmate to pick out his own watch from Mallove’s Jewelers in Groton, Connecticut. Brooks wisely selected a Carrera chronograph, but there was a catch. Navy regulations restricted external radioactive sources aboard nuclear-powered boats, so as to ensure accurate monitoring of radiation levels from propulsion systems. This watch had its tritium luminous material removed from dial and hands. An early dial was evidently selected for this purpose. This was possibly done on special order from Heuer, or by the retailer at the time of original sale. Brooks served a distinguished Navy career, including as Commander of the Sturgeon-class nuclear-powered attack submarine USS Whale (SSN-638) from 1975 to 1978, retiring with the rank of Captain. As a civilian, Brooks held important Senate-confirmed positions in government. He was appointed Ambassador to lead negotiation of two strategic arms reduction treaties between the U.S. and Russia, and served as U.S. Undersecretary of Energy for Nuclear Security, responsible for managing the National Nuclear Security Administration (NNSA). The watch is powered by the Valjoux calibre 72. The case is lightly polished but very strong. The dial and hands had the original tritium luminous material removed. The signed crown is original. The watch is fitted on a black leather rally strap from Abel Court with a rare signed vintage “Sun” buckle. The watch does not come with box and papers. The watch will be accompanied by military ephemera personally owned by Ambassador Brooks – a framed photograph of USS Whale (SSN-638) during her sea trials, a heavy bronze insignia removed from the Whale and mounted on a wood plaque for presentation to Brooks, and selected books from Brooks’",Wind Vintage,2026-04-19,True,False
Rolex Two-Tone Datejust Wimbledon Dial 126301 Full Set Unpolished,Rolex,14900,https://www.windvintage.com/rolex-two-tone-datejust-wimbledon-dial-126301-full-set-unpolished,https://images.squarespace-cdn.com/content/v1/5b213f95506fbec9b54e014c/1785963971218-HO8Z8XKUAQ0HUDXKNUMS/Image+186.jpeg,This Rolex Datejust Reference 126301 is a very beautiful timepiece with the highly admired Wimbledon dial. The watch measures 41mm in diameter. The case is made of Oystersteel and 18k Everose gold (Everose Rolesor). It appears to be unpolished. It is paired on the Oyster bracelet. The watch was sold in September 2025. The watch is running well. It comes full set with box or papers. The watch recently passed a water resistance test of 5 bar.,Wind Vintage,2026-04-19,True,False
Longines Chronograph Reference 6474 w/ Extract,Longines,24900,https://www.windvintage.com/longines-chronograph-reference-6474-w-extract,https://images.squarespace-cdn.com/content/v1/5b213f95506fbec9b54e014c/1785964135740-MPUALJSQO2V1FMHYRZO6/Image+188.jpeg,"This is a very special Longines chronograph reference 6474. The watch is made of stainless steel and measures 37mm in diameter by 46mm lugs to lug. The case has been polished in the past but is stong. It features a luminous dial. The watch is powered by the calibre 30CH manual-wound chronograph movement. It is paired on a contemporary beads of rice bracelet. The watch does not come with box and papers. We do not know the service history but it is running well. It comes with a Longines Extract from the Archives. It was invoiced on February 1, 1962 to Longines-Wittnauer in the United States.",Wind Vintage,2026-04-19,True,False
Rolex Datejust Reference 16238 in 18k Yellow Gold Unpolished,Rolex,0,https://www.windvintage.com/rolex-datejust-reference-16238-in-18k-yellow-gold-unpolished,https://images.squarespace-cdn.com/content/v1/5b213f95506fbec9b54e014c/1783361270051-RR88U91K8OC3NF1OVCGZ/Image+203.jpeg,"The Rolex Datejust is one of the brand's most iconic models. This reference 16238 in 18K yellow gold is a rare reference as full precious metal Datejusts are no longer produced. This example is in fantastic condition with a champagne dial. The case measures 36mm in diameter and appears unpolished. It is paired with a honey wind strap. The watch features an L serial dating to circa 1989. The watch does not come with a box or papers, we do not know the service history but it is running well. It recently passed a water resistance test of 5 bar.",Wind Vintage,2026-04-19,True,True
Rolex Sprite Destro GMT-Master II on Oyster Reference 126720VTNR Full Set New,Rolex,18900,https://www.windvintage.com/rolex-sprite-destro-gmt-master-ii-on-oyster-reference-126720vtnr-full-set-new,https://images.squarespace-cdn.com/content/v1/5b213f95506fbec9b54e014c/1779413711995-FH74TDSCJ7OZ4DLQV5B4/Image+2.jpeg,The Rolex “Destro” or “Sprite” GMT-Master reference 126720VTNR is a watch that took the world by storm. This example is in new condition. It measures 40mm in diameter. To learn more about the Rolex GMT-Master you can watch the ‘Reference Points: Understanding The Rolex GMT-Master' video and corresponding article. It comes from the original owner with box and papers. It was sold in 2025.,Wind Vintage,2026-04-19,True,False
Rolex Honeycomb Diamond Dial Day-Date Reference 18238 in 18K YG w/ Papers &amp; Service Papers,Rolex,44900,https://www.windvintage.com/rolex-honeycomb-diamond-day-date-reference-18238-in-18k-yg,https://images.squarespace-cdn.com/content/v1/5b213f95506fbec9b54e014c/1786651566952-6Z1GRE4236MR6T9PPNOB/Image+228.jpeg,"The Rolex Day-Date was introduced in 1956 and was the first watch to display the date, as well as the fully-spelled-out day of the week. This is a particularly special Rolex Day-Date reference 18238 with a “honeycomb” diamond dial. This is a remarkable gold perforated dial with diamonds set throughout the entire dial. It features the cartouche Rolex and Day-Date frame with non-luminous hands. These are very rare Day-Dates and an incredible take on the already luxurious model. This reference 18238 “double quick” features a quick-set date, and day. The 18K-gold case has been polished in the past but is attractive. It measures 36mm in diameter (43mm lug-to-lug). This particular example features an L serial dating to circa 1989. It was sold in 1990. The watch does not come with a box. It does come with papers and Rolex Service papers dating to 1998. We do not know the service history but it is running well. It recently passed a water resistance test of 5 bar.",Wind Vintage,2026-04-19,True,False
Rolex GMT-Master Reference 1675 Pepsi On Jubilee,Rolex,0,https://www.windvintage.com/rolex-gmtmaster-reference-1675-pepsi-on-jubilee,https://images.squarespace-cdn.com/content/v1/5b213f95506fbec9b54e014c/1781551625457-P0WHK2YTG4MW3VZFZBL2/Image+38.jpeg,"The Rolex GMT-Master was originally designed for Pan Am pilots in the 1950s and continues to be a flagship model for Rolex to this day. The reference 1675 was introduced in 1959 and remained in production until 1980. Originally designed for Pan-Am pilots in the 1950s, the Rolex GMT-Master is one of the most sought-after models in the brand’s lineup. Due to its incredible heritage and iconic look, it remains a flagship model for Rolex to this day. This Rolex GMT-Master reference 1675 is a collector favorite reference in recent years. With a 1.98M million serial number, this example dates to circa 1969. It is paired on a Rolex Jubilee bracelet that dates to 1971. The case has been polished in the past. The watch does not come with a box or papers. We do not know the service history, but the watch is running well. It recently passed a water resistance test of 1 bar. To learn more about the Rolex GMT-Master you can watch the ‘Reference Points: Understanding The Rolex GMT-Master' video and corresponding article I produced. You can also read Charlie Dunne’s comprehensive article ‘ Collector's Guide: The Rolex GMT-Master Reference 1675 In Steel ’.",Wind Vintage,2026-04-19,True,True
OMEGA Art-Deco Wristwatch in 18K Yellow Gold,Omega,9900,https://www.windvintage.com/omega-artdeco-wristwatch-in-18k-yellow-gold,https://images.squarespace-cdn.com/content/v1/5b213f95506fbec9b54e014c/1782323728551-IV4B9F90ZLATJFPOGS82/Image+108.jpeg,A Art-Deco Wristwatch in 18K Yellow Gold This OMEGA wristwatch is a very unique and interesting timepiece. The watch dates to the late 1910s. The case is made of 18k yellow gold. It measures 25mm in diameter by 40mm in length. The dial features very interesting painted numerals. It does not come with box and papers. We do not know the service history of this watch.,Wind Vintage,2026-04-19,True,False
Gronefeld 1969 DeltaWorks in Stainless Steel Full Set Brand New,Other,49000,https://www.windvintage.com/gronefeld-1969-deltaworks-in-stainless-steel-full-set-unpolished,https://images.squarespace-cdn.com/content/v1/5b213f95506fbec9b54e014c/1778697939957-KWD064N6CUA2X6OOWSUO/Image+58.jpeg,"This Gronefeld 1969 DeltaWorks is a great ‘sports utility’ watch in stainless from the Dutch independent watchmakers. The watch is inspired by the Dutch Delta Works and designed to cope with the perils of water ingress and shocks while still upholding the elevated standards of horology and traditional craftsmanship. The case measures 45mm in diameter and is 12.5mm thick. The watch features an exhibition caseback displaying the calibre G-06 movement. This example features the ‘Khaki’ dial. The watch is in great shape and appears to be unpolished. This watch comes with a box and papers. We do not know the service history, but it is running well. The watch dates to 2026.",Wind Vintage,2026-04-19,True,False
Vacheron Constantin Overseas Chronograph 5500V/110A-B481 Full Set + Straps &amp; Bracelet,Vacheron Constantin,29000,https://www.windvintage.com/vacheron-constantin-overseas-chronograph-5500v/110a-b481-full-set-straps-bracelet,https://images.squarespace-cdn.com/content/v1/5b213f95506fbec9b54e014c/1786407363484-BYNKA9B339W0X3ZMSOZU/Image+207.jpeg,"The Vacheron Constantin Overseas models have become exceedingly popular in recent years. This chronograph reference 5500V/110A-B481 is a fantastic example of why the sports watches of Vacheron Constantin are exciting. The watch features a stainless steel case. It measures 42mm in diameter. The dial is black with white sub dials. It comes with a stainless steel bracelet, and a leather strap in addition to the black rubber straps. The case appears to be unpolished. The watch comes as a “full set” with a box and papers. It comes with bracelet, leather strap and an additional rubber strap. We do not know the service history, but it is running well. The watch was sold in 2023.",Wind Vintage,2026-04-19,True,False
Rolex Ladies Datejust Diamond Set Ref. 69158 in 18k YG Full Set Unpolished,Rolex,15900,https://www.windvintage.com/rolex-ladies-datejust-diamond-set-ref-69158-in-18k-yg-full-set-unpolished,https://images.squarespace-cdn.com/content/v1/5b213f95506fbec9b54e014c/1785964061351-YCKH58VN071O8USVH5YO/Image+187.jpeg,"The bezel and lugs are set with diamonds. The watch features a cartouche bezel and is paired on a presidential bracelet. The dial features diamond hour markers. Both the watch and bracelet are made of 18k yellow gold. The case measures approximately 26mm in diameter and 33mm lug-to-lug. The case appears to be unpolished. The watch features a 9.6 serial dating to circa 1987. The watch comes with box and papers. We do not know the service history, but it is running well. It recently passed a water resistance test of 3 bar.",Wind Vintage,2026-04-19,True,False
Rolex GMT-Master 1675 Two-Tone on Oval Link Bracelet,Rolex,19900,https://www.windvintage.com/rolex-gmt-master-1675-two-tone-on-oval-link-bracelet,https://images.squarespace-cdn.com/content/v1/5b213f95506fbec9b54e014c/1785964301287-4WSB8QCPBFRKKFUSIWG3/Image+191.jpeg,"This is an incredibly cool two-tone GMT-Master reference 1675. The watch features a 2.73M serial dating to circa 1971.. The case has been polished. It features a service dial. It is paired with a Rolex oval link bracelet that is two tone in 14k yellow gold and stainless steel. The watch features a caseback sticker, which is not an original Rolex sticker. The watch will fit a wrist approximately 7 inches. To learn more about the Rolex GMT-Master you can watch the ‘ Reference Points: Understanding The Rolex GMT-Master ' video and corresponding article I produced. The watch does not come with a box and papers. The service history is not known, but the watch is running well. It recently passed a water resistance test of 5 bar.",Wind Vintage,2026-04-19,True,False
Chopard L.U.C 1860 In Aeruse Blue Ref 168860-3005 Full Set Brand New,Other,28900,https://www.windvintage.com/chopard-luc-1860-in-aeruse-blue-ref-168860-3005-full-set-brand-new,https://images.squarespace-cdn.com/content/v1/5b213f95506fbec9b54e014c/1786993027486-OZ5ZV20EUYMFPTT2J0QO/Image+239.jpeg,The watch is stickered and dates to 2026. The stainless steel case measures 36.5mm in diameter. It is paired on the original strap with the Chopard buckle. It is powered by the gorgeous calibre 1.96 microrotor. The watch is in brand new condition. It comes with box and papers. We do not know the service history but it is running well. It was sold in July 2026.,Wind Vintage,2026-04-19,True,False
Rolex Tropical Gilt Explorer I Ref 1016,Rolex,29900,https://www.windvintage.com/rolex-gilt-explorer-i-ref-1016,https://images.squarespace-cdn.com/content/v1/5b213f95506fbec9b54e014c/1787348294045-SXNGJF5RI07Z7PIEAKAV/Image+270.jpeg,"The Rolex Explorer reference 1016 is one of the purest expressions of watch design, and it is for this reason that I am probably asked for vintage Explorer reference 1016s more than any other watch. The watch features a 1.15M serial and dates to circa 1965. It features a gilt dial that has turned tropical. The case is 36mm in diameter. The case has been polished. It is paired on a correct Rolex 7206 rivet bracelet with 58 end links dating to 1966. We do not know the service history, but the watch is running well. It does not come with a box or papers. It recently passed a water resistance test of 5 bar. To learn more about the history and evolution of the Rolex Explorer I, you can see the video and corresponding article I produced with HODINKEE :",Wind Vintage,2026-04-19,True,False
Grönefeld 1941 Principia Automatic w/ Blue Dial in Stainless Steel Full Set,Other,44900,https://www.windvintage.com/grnefeld-1941-principia-automatic-w/-blue-dial-in-stainless-steel-full-set,https://images.squarespace-cdn.com/content/v1/5b213f95506fbec9b54e014c/1786651601148-I2B7L9P887GEJJWLF5ZR/Image+229.jpeg,The Grönefeld 1941 Principia Automatic is an extremely interesting model from one of the leading names in independent watchmaking. This example features the intensely attractive light blue dial with flamed blue hands. The blue hands are outstanding and are one of the highlights on the wrist. The case is unpolished. The diameter is 39.5mm and 47mm lug to lug. The watch is powered by the beautiful automatic calibre G-06. It features a 56 hour power reserve. The watch comes full set with box and papers. It was sold in April 2023. We do not know the service history but it is running well. It is paired on the original strap and buckle.,Wind Vintage,2026-04-19,True,False
Rolex Onyx Dial Bark Day-Date Reference 18248 in 18K Yellow Gold,Rolex,39000,https://www.windvintage.com/rolex-onyx-dial-bark-day-date-reference-18248-in-18k-yellow-gold,https://images.squarespace-cdn.com/content/v1/5b213f95506fbec9b54e014c/1787348197200-E4F9HARJ88WXAO3IMW9X/Image+266.jpeg,This Rolex Day-Date is an incredible example with the rare onyx dial. The dial is in outstanding condition without cracks. This is an uncommon model - a reference 18248 with the bark textured bezel and center links on the bracelet. The case is made of 18K yellow gold. It measures 36mm in diameter. It has been polished in the past. It features an English day wheel. The watch features an T serial number dating to circa 1996. The watch comes from the family of the original owner. It does not come with box and papers. It was just serviced and is running great. It recently passed a water resistance of 5 bar.,Wind Vintage,2026-04-19,True,False
The Ferrari Film Universal Genève Compax Pocket Watch Reference 22549 Unpolished,Other,39000,https://www.windvintage.com/the-ferrari-film-universal-genve-compax-pocket-watch-reference-22549-unpolished,https://images.squarespace-cdn.com/content/v1/5b213f95506fbec9b54e014c/1787348056603-RX281F8OG8UHFCPMO0BU/Image+265.jpeg,"The Ferrari Film Universal Genève Compax Pocket Watch Reference 22549 Unpolished This Universal Genève Compax reference 22549 is an incredibly special timepiece that is featured in the 2023 film ‘Ferrari’ by Michael Mann . The film features an A-List case including Adam Driver, Penélope Cruz, and Patrick Dempsey. This specific watch is featured in a dramatic scene at the beginning of the movie where cast members are using their stopwatches and pocket watches to calculate the elapsed time of during a church mass. In the scene, Enzo Ferrari (portrayed by Adam Driver) holds this Universal Genève within the scene. The breakdown of this scene can be watched within The New York Times’s Anatomy of a Scene video at 3:00 . Ferrari was voted top 10 films of 2023 by the National Board of Review. This is an extremely important chronograph pocket watch. If features an oustanding dial with blue tachymeter scale. The case design is very angular and features a disco volante bezel style. The rectangular pushers are very attractive from the profile of this case. The watch measures 47mm in diameter. The stainless steel case appears to be unpolished and in great shape. The watch is powered by the calibre 292. It was delivered to the United States with import code UOW. The watch dates to circa 1942-1943. It includes a digital rental documentation for the production of the movie for this watch. The watch does not come with box or papers. We do not know the service history but it is running well.",Wind Vintage,2026-04-19,True,False
"Rolex ""Bluesy"" Submariner Ref. 16613 Full Set Unpolished",Rolex,15900,https://www.windvintage.com/rolex-bluesy-submariner-ref-16613-full-set-unpolished,https://images.squarespace-cdn.com/content/v1/5b213f95506fbec9b54e014c/1779825940595-4GV0X4DL2RJNX8ULIUQ4/Image+18.jpeg,"This Rolex ""Bluesy"" Submariner Reference 16613 features a blue dial and bezel on a two-tone gold and stainless steel watch. The case is in great condition and remains unpolished. The lug-to-lug length is 47mm and it measures 40mm in diameter excluding the crown. The watch is in great condition and appears to be unpolished. It features an S7 serial dating to 1993. To learn more about the Rolex Submariner, you can watch my ‘ Reference Points: Understanding The Rolex Submariner ’ video and read the corresponding article. The watch comes with a box and papers. It was sold in 1995. We do not know the service history of this watch, but it is running well. It recently passed a water resistance test of 5 bar.",Wind Vintage,2026-04-19,True,False
Ulysse Nardin Non-Luminous Gilt Chronograph Unpolished,Other,39000,https://www.windvintage.com/ulysse-nardin-non-luminous-gilt-chronograph-unpolished,https://images.squarespace-cdn.com/content/v1/5b213f95506fbec9b54e014c/1786999582948-PY08A3F9P09FMECPZGF7/Image+242.jpeg,"This Ulysse Nardin chronograph is a remarkable vintage chronograph from the late 1930s - early 1940s. These Ulysse Nardin chronographs are extremely rare. The case is very similar design to the Gallet Flying Officer “Clamshell” chronograph, except larger! Instead, it measures 35mm in diameter and 43mm lug to lug. It features a screw-down caseback. These chronographs are among my favorite designs and are the earliest waterprotected chronographs. The case appears to be unpolished. It features an incredibly attractive non-luminous multi-tone gilt dial. It is paired on a contemporary stretch rivet bracelet made by Private Eyes. It does not come with box and papers. We do not know the service history, but it is running well.",Wind Vintage,2026-04-19,True,False
Rolex Explorer Reference 1016 On Folded Oyster Bracelet,Rolex,14900,https://www.windvintage.com/rolex-explorer-reference-1016-on-folded-link-bracelet,https://images.squarespace-cdn.com/content/v1/5b213f95506fbec9b54e014c/1786035409977-713YCC60EKVXFFRXP12B/Image+202.jpeg,"The Rolex Explorer reference 1016 is one of the purest expressions of watch design, and it is for this reason that I am probably asked for vintage Explorer reference 1016s more than any other watch. This model dates to circa 1972 with a 2.98M serial. It is paired on a features a 7838 folded Oyster bracelet with 580 end links dating to 1972 which is correct for the watch. The case is 36mm in diameter. It has been polished in the past. The hands have been relumed. The amplitude is south of 240 and the watch may need a service in the future. It did not pass a water resistance test. To learn more about the history and evolution of the Rolex Explorer I, watch my video and corresponding article ‘ Reference Points A Comprehensive Collector's Guide To The Rolex Explorer I’ produced with HODINKEE : The watch does not come with box or papers. We do not know the service history, but it is running well.",Wind Vintage,2026-04-19,True,False
Jaeger-LeCoultre Memovox E 855 in 18K YG on Bracelet w/ Box,Jaeger-LeCoultre,19000,https://www.windvintage.com/jaegerlecoultre-memovox-e-855-in-18k-yg-on-bracelet,https://images.squarespace-cdn.com/content/v1/5b213f95506fbec9b54e014c/1781645965050-R8MQ3SOV2XDZ3SF8MEID/Image+53.jpeg,"The reference’s “E” stands for Etanche, which indicates the case is a water-resistant model. The Jaeger-LeCoultre Memovox reference E 855 is one of my favorite watches of all time. This example dates to mid 1960s. The case measures 37mm in diameter and wears excellent. The 18k yellow gold case has been lightly polished. It is paired on the impossible-to-find 18k yellow gold Jaeger-LeCoultre Gay Freres bracelet. It features the uncommon baton hands instead of of “fork” or dauphine hands. These are seen in catalogs from the 1960s. The watch is powered by the calibre 825, the first automatic alarm wristwatch to incorporate the calendar complication. The movement is a bumper-automatic, which means it does not rotate a full 360 degrees. Instead, the oscillating weight will bounce back and forth between two spring sides within the movement. The watch does not come with papers. It comes with a beautiful LeCoultre box which was likely added later. We do not know the service history but it is running well. To learn more about this model, read Charlie Dunne’s Coll ector's Guide: Jaeger-LeCoultre Memovox Reference E 855 .",Wind Vintage,2026-04-19,True,False
Rolex Day-Date 40 Everose w/ Green Dial Reference 228235 Unpolished Box &amp; Papers,Rolex,49500,https://www.windvintage.com/rolex-day-date-40-everose-w/-green-dial-reference-228235-unpolished-box-papers,https://images.squarespace-cdn.com/content/v1/5b213f95506fbec9b54e014c/1787683813654-3SBLC7TCJZVFNMGEFCFC/Image+10.jpeg,"This Rolex Day-Date reference 228235 is a super attractive modern watch in 18k Everose. Everose is the signature Rolex rose/pink gold created and patented an exclusive 18 kt pink gold alloy cast in its own foundry. It was introduced in 2005. It has an extremely beautiful olive green dial. The case appears to be unpolished. It measures 40mm in diameter. The watch retails for $54,200 before taxes. The watch comes full set with box and papers from the original owner. It was sold in 2023. It recently passed a water resistance test of 5 bar.",Wind Vintage,2026-04-19,True,False
Universal Genève Big Eye Uni-Compax Reference 884100/02 Unpolished Full Set,Other,35000,https://www.windvintage.com/universal-genve-big-eye-uni-compax-reference-884100/02,https://images.squarespace-cdn.com/content/v1/5b213f95506fbec9b54e014c/1787605912855-JKMUVY3T5WK6KYF02XZZ/Image+5.jpeg,The UG Uni-Compax “Big Eye” reference 884100 is synonymous with the asymmetrical subdial configurations in chronographs. The /02 dial variant is the rare “Panda” dial. The case measures approximately 37mm in diameter. It features incredibly attractive blue steel hands. The dial is in fantastic condition. The case appears to be unpolished. The watch comes full set with box and papers. We do not know the service history but it is running well.,Wind Vintage,2026-04-19,True,False
"Universal Genève Uni-Compax ""Big Eye” Reference 884100/01",Other,17500,https://www.windvintage.com/universal-genve-big-eye-unicompax-ref-88410001,https://images.squarespace-cdn.com/content/v1/5b213f95506fbec9b54e014c/1784649419806-B1QMDWMPMYXPGDQYJEDW/Image+42.jpeg,"The UG Uni-Compax “Big Eye” reference 884100/01 is synonymous with the asymmetrical subdial configurations in chronographs. Produced for a short two year span from 1963-1965 it is one of the highlight models of the brands’ 1960s catalog. It measures approximately 36mm in diameter. The case has been lightly polished. The second hand is a replacement. We do not know the service history, but it is running well. It does not come with papers. It does not come with box.",Wind Vintage,2026-04-19,True,False
Patek Philippe Reference 5146G-001 in 18k WG w/ Box,Patek Philippe,27900,https://www.windvintage.com/patek-philippe-reference-5146g001-in-18k-wg-w-box,https://images.squarespace-cdn.com/content/v1/5b213f95506fbec9b54e014c/1786562870846-761YY16JLHHU1N56J23I/Image+219.jpeg,The Patek Philippe reference 5146G-001 is an awesome annual calendar model. The model is now discontinued. This particular example is a beautiful 18K white gold case. The case measures 39mm in diameter. It features a beautiful ivory white dial. It appears to have been lightly polished but very strong. It is paired on a Patek Philippe strap and white gold deployant. The watch does not come with a papers. The watch comes with box. We do not know the date of production. An Extract can be ordered by the next owner.,Wind Vintage,2026-04-19,True,False
Ulysse Nardin Freak Reference 016-88 in 18k Gold w/ box,Other,24900,https://www.windvintage.com/ulysse-nardin-freak-reference-016-88-in-18k-gold-w/-box,https://images.squarespace-cdn.com/content/v1/5b213f95506fbec9b54e014c/1787685844570-U2CZC1D56HRZ63KS750T/Image+11.jpeg,"The Ulysse Nardin Freak is one of the most daring watches from Switzerland. The case is made of 18k gold and measures 42mm in diameter. The case appears to be unpolished.. It is powered by the calibre UN01 with a 7-day carrousel tourbillon and a patented dual escapement. The watch is quite complicated, yet very simplistic. The movement can be wound by the bezel on the case back. The time is set with the bezel. It comes on a blue Ulysse Nardin strap with 18k gold deployant buckle. We do not know the service history, but the watch is running well. It does not come with a papers. It does come with a box.",Wind Vintage,2026-04-19,True,False
Rolex Datejust Dial Ref. 16220 Non-Luminous White Roman Numeral Dial Unpolished,Rolex,8500,https://www.windvintage.com/rolex-datejust-dial-ref-16220-white-roman-numeral-dial-unpolished,https://images.squarespace-cdn.com/content/v1/5b213f95506fbec9b54e014c/1785522254576-KYFL48PQN4OCDWJHBIZ3/Image+67.jpeg,"The Simple Vintage Rolex Datejust In Steel ’. I’m always amazed by the quality and variation that Rolex used in vintage Datejust models throughout the year. This watch features a sapphire crystal and a quickest date movement. The 36mm no-hole case is stainless steel, and appears to be unpolished. The reference 16220 also features a steel engined turned bezel. This example has white non-luminous dial with applied Roman numeral indexes. The dial has a porcelain like appearance. The watch features a U serial number which dates to circa 1997. The watch is paired with a 62510H Jubilee bracelet with a Z clasp code dating to circa 1997. It comes with the correct 555B end-links. We do not know the service history but the watch is running well. It does not come with a box or papers. It recently passed a water resistance test of 5 bar.",Wind Vintage,2026-04-19,True,False
Rolex Blue Datejust Reference 1603,Rolex,8900,https://www.windvintage.com/rolex-blue-datejust-reference-1603,https://images.squarespace-cdn.com/content/v1/5b213f95506fbec9b54e014c/1787593097523-GCC2I8PS974GS14U3IS2/Image+3.jpeg,"The Simple Vintage Rolex Datejust In Steel ’. I’m constantly amazed by the quality and differentiations of the dials that Rolex used in vintage Datejusts over the decades. I have found the Rolex Datejust to be one of the most versatile watches a person can have and the simplicity in this blue-dial reference 1603 is so beautiful. The watch dates to 1974 and features a 3.33M serial. The case measures 36mm in diameter and is paired on a Rolex Jubilee bracelet that is likely original to the watch. It has been polished. It does not come with box and papers. We do not know the service history of this watch, but it is running great and keeping excellent time. It just passed a water resistance test of 5 bar.",Wind Vintage,2026-04-19,True,False
Rolex Datejust Ref. 16234 Black Dial Unpolished,Rolex,6900,https://www.windvintage.com/rolex-datejust-ref-16234-black-dial-unpolished,https://images.squarespace-cdn.com/content/v1/5b213f95506fbec9b54e014c/1784923947917-MWRTJ0EXSW4ZCUXKC6LY/Image+104.jpeg,The Simple Vintage Rolex Datejust In Steel ’. I’m constantly amazed by the quality and differentiations of the dials that Rolex used in vintage Datejusts over the decades. I have found the Rolex Datejust to be one of the most versatile watches a person can have. This is a stunning example with black dial. The watch is paired with a 62510H Jubilee bracelet dating to circa 1989 with an N clasp code and 555 B end-links. The case and bracelet are in great condition and appear to be unpolished. The watch does not come with a box or papers. We do not know the service history but the watch is running well. It recently passed a water resistance test of 5 bar.,Wind Vintage,2026-04-19,True,False
Spencer Tracy's Rolex Explorer Reference 6350 w/ Waffle Dial Unpolished,Rolex,350000,https://www.windvintage.com/spencer-tracys-rolex-explorer-reference-6350-w-waffle-dial-unpolished,https://images.squarespace-cdn.com/content/v1/5b213f95506fbec9b54e014c/1786717561617-W8CQCLWIK55AXO35MM3S/DSC05638.png,"This Rolex Explorer reference 6350 is an incredibly rare and important example from the early 1950s which belonged to American actor Spencer Tracy. This watch was worn in the 1956 movie ‘The Mountain’, an adventure film starring Spencer Tracy and Robert Wagner based on the French novel La neige en deuil. It is possibly one of the earliest product placements of a Rolex in a film. This example features an outstanding black “honeycomb” or “waffle” dial with very attractive lume. The textured Rolex dials of the 1950s are very uncommon and particularly important on Rolex sports models! It is paired on a Rolex Oyster Rivet bracelet with 64 end links dating to 1957 which we added and is period correct. The watch also comes with a Rolex strap and steel buckle which was worn on the Explorer for many years by Tracy. Linked here is a photo of Tracy wearing the watch. This example dates to circa 1953 with a 955,XXX serial It measures 36mm in diameter. The case appears to be unpolished. I’m often asked about which watches I would love to own if I could have anything. Watches like this waffle-dial Rolex Explorer 6350 is at the top of the list and the added provenance is an incredible bonus. This watch certainly belongs in the Rolex Museum collection - as it is the best of the best! To learn more about the history and evolution of the Rolex Explorer I, you can see my video and corresponding article Reference Points A Comprehensive Collector's Guide To The Rolex Explorer I . This watch does not come with box and papers. We do not know the service history but it is running well.",Wind Vintage,2026-04-19,True,False
Rolex GMT-Master Reference 16750 Box &amp; Papers,Rolex,19900,https://www.windvintage.com/rolex-gmtmaster-reference-16750-box-papers-1,https://images.squarespace-cdn.com/content/v1/5b213f95506fbec9b54e014c/1786990391406-2NMKF8DCOQ0ZKPVQE2Y7/Image+237.jpeg,"This Rolex GMT-Master reference 16750 is an attractive example. It dates to circa 1985 with an 8.66M serial. The case has been polished, but it is nice. The lume in the dial is very attractive and has a warm patina. The insert is a beautiful example of the classic Pepsi. It is paired on a Rolex 78360 Oyster bracelet with 580 end links with I date code dating to circa 1984. To learn more about the Rolex GMT-Master, you can watch my ‘ Reference Points: Understanding The Rolex GMT-Master ' video and read the corresponding article. You can also read our comprehensive article on the previous reference ‘ Collector's Guide: The Rolex GMT-Master Reference 1675 In Steel ’. The watch comes with box and papers. We do not know the service history, but it is running well. It recently passed a water resistance test of 5 bar.",Wind Vintage,2026-04-19,True,False
Rolex Submariner Meters First 5513 w/ Box &amp; Papers,Rolex,19500,https://www.windvintage.com/rolex-submariner-meters-first-5513-w/-box-papers,https://images.squarespace-cdn.com/content/v1/5b213f95506fbec9b54e014c/1786999632521-H1XD5NGWE45CVFURRMFT/Image+243.jpeg,"The Rolex Submariner is one of the most iconic watches of all time. This reference 5513 features a 2.23M serial number dating to circa 1969. This example features a “meters first” matte dial with attractive tritium lume. It has been polished in the past. The insert is an a cool faded example. It is paired with a Gay Frères 7206 rivet bracelet dating to 1969 with the correct 80 end links. The hands appear to be color matched. It features a rare kissing 40 and kissing 50 insert that is approximately $4,000-$5,000. Learn more about the sibling model reference 5512 within Charlie Dunne’s article ‘ Collector’s Guide: Understanding The Rolex Submariner Reference 5512 ’. To learn more about the Rolex Submariner, you can read my ‘ Reference Points: Understanding The Rolex Submariner ’ article and corresponding video. It recently passed a water resistance test of 5 bar. It comes with box and guarantee papers with the serial written and date of sale 8 - 21 - 1970. We do not know the service history, but the watch is running well.",Wind Vintage,2026-04-19,True,False
Rolex GMT-Master Reference 16758 in 18K Yellow Gold Unpolished w/ Box,Rolex,45000,https://www.windvintage.com/rolex-gmt-master-reference-16758-in-18k-yellow-gold-unpolished-w/-box,https://images.squarespace-cdn.com/content/v1/5b213f95506fbec9b54e014c/1787852859861-014Q95WU7ZV7JOYDEEIP/Image+58.jpeg,"The Rolex GMT-Master was originally designed for Pan Am pilots in the 1950s and continues to be a flagship model for Rolex to this day. The reference 1675 was introduced in 1959 and remained in production until 1980. This is an extremely attractive 16758 featuring an 8.3M serial number, dating to circa 1984. The aluminum bezel insert is a beautiful brown. The case appears to be unpolished and is so crisp. The dial with nipple hour markers is incredible and in fantastic condition. It does not come with papers. It does come with a box and catalog. We do not know the service history, but it is running well. It recently passed a 5 bar water resistance test. To learn more about the Rolex GMT-Master you can watch the ‘Reference Points: Understanding The Rolex GMT-Master' video and corresponding article I produced. You can also read Charlie Dunne’s comprehensive article ‘ Collector's Guide: The Rolex GMT-Master Reference 1675 In Steel ’. It is so rare to find an example of this watch in this condition. We think whoever buys it is going to be extremely pleased to own it!",Wind Vintage,2026-04-19,True,False
Rolex GMT-Master Ref 16700 Black Insert Unpolished w/ Papers,Rolex,15900,https://www.windvintage.com/rolex-gmt-master-ref-16700-black-insert-unpolished-w/-papers,https://images.squarespace-cdn.com/content/v1/5b213f95506fbec9b54e014c/1787948547681-4KQ8AG3ST58U8JDJ94R7/Image+22.jpeg,"This Rolex GMT-Master reference 16700 with all black bezel is an incredibly attractive example. It dates to circa 1998 with a U( serial. The holes-case appears to be unpolished. The reference 78790 Oyster bracelet features an X clasp code (c. 1999) and is likely original to the watch. To learn more about the Rolex GMT-Master, you can watch my ‘ Reference Points: Understanding The Rolex GMT-Master ' video and read the corresponding article. The watch does not come with a box. It does come with papers and was sold in Japan We do not know the service history, but it is running well. It recently passed a water resistance test of 5 bar.",Wind Vintage,2026-04-19,True,False
Rolex Domino's Air-King 14000 Full Set W/ Hangtag Unpolished,Rolex,19000,https://www.windvintage.com/rolex-dominos-air-king-14000-full-set-w/-hangtag-unpolished,https://images.squarespace-cdn.com/content/v1/5b213f95506fbec9b54e014c/1780691477628-8WMMYMT81PXQ9AL4XLD1/Image+62.jpeg,"The Rolex-Domino’s connection is perhaps the ultimate high-low collaboration. These watches were not made for purchase by the public, but as a way to reward Domino’s franchise owners who hit their sales targets. All these watches were originally ordered through Schlanderer and Sons in Ann Arbor, Michigan, where Domino’s has its headquarters. In the past, these watches on the secondhand market were generally the least expensive Rolex a person could purchase as few people wanted a pizza logo like this on their dial. Dealers would buy them, swap out the Domino’s dial, and polish off the case back initials. Over the last year, however, they have gained a massive following. The watch features an engraving on the back with the recipient’s initials. You can learn about these watches in our video Collector Conversation: Tom Monaghan - Founder of Domino's Pizza - on the Domino's Rolex . This version features the “tilted logo” that is the last version of Dominos’s Rolex watch with the logo on the dial. . The watch features a U^ serial dating to 1997. The case appears to be unpolished. The watch comes as a “full set” with a box, papers and hangtag. It was originally sold in 1998. We do not know the full service history, but it is running well. It recently passed a water resistance test of 5 bar. To learn more about Rolex-Domino’s story, watch the video ”Rolex Model NEVER in Stores” . This watch is available through J. Press.",Wind Vintage,2026-04-19,False,False
Rolex Ladies Oyster Perpetual Reference 76080 Unpolished,Rolex,4900,https://www.windvintage.com/rolex-ladies-oyster-perpetual-reference-76080-unpolished,https://images.squarespace-cdn.com/content/v1/5b213f95506fbec9b54e014c/1773774071856-BEEJYYCFRG1L6S0VVO3L/Image+4.jpeg,"This Rolex Oyster Perpetual is a super attractive ladies model. The case appears to be unpolished and has a very attractive dial. It measures 24mm in diameter. The watch features a K8 serial dating to circa 2000-2001. It feautes a DE11 date code on the bracelet (2001) and is likely original to the watch. The watch does not come with box and papers. We do not know the service history, but it is running well. It recently passed a water resistance test of 5 bar. This watch is available through J. Press.",Wind Vintage,2026-04-19,False,False
Rolex Ladies Oyster Perpetual Ref. 6618 Unpolished,Rolex,4900,https://www.windvintage.com/rolex-ladies-oyster-perpetual-ref-6618-unpolished,https://images.squarespace-cdn.com/content/v1/5b213f95506fbec9b54e014c/1773774077564-Z1IY8GDW6J6AF7B0GFQP/Image+3.jpeg,"This Oyster Perpetual is a great stainless steel ladies watch. It measures approximately 25mm in diameter. The serial number dates the watch to circa 1970. It is paired on a folded link bracelet and features a silver dial. The watch is in great shape and appears to be unpolished. The watch does not come with a box or papers. We do not know the service history, but it is running well. It recently passed a water resistance test of 3 bar. This watch is available through J. Press.",Wind Vintage,2026-04-19,False,False
Rolex 31MM Datejust Reference 6827 in 18k YG w/ Black Dial Unpolished,Rolex,0,https://www.windvintage.com/rolex-datejust-reference-6827-in-18k-yg-w/-black-dial-unpolished,https://images.squarespace-cdn.com/content/v1/5b213f95506fbec9b54e014c/1784900611000-8LIDBFQOL820DA9DAXN0/Image+25.jpeg,"This Rolex Datejust reference 6827 is an incredible watch. It is made of 18k yellow gold and is paired on an 18k yellow gold jubilee Rolex bracelet. The watch dates to circa 1979. The watch measures 31mm in diameter. The case appears to be unpolished. If features a beautiful black dial - it is likely a bit newer, but is extremely attractive. The watch recently passed a water resistance test of 5 bar. It does not come with box or papers. We do not know the service history but it is running well. Vintage 31mm Rolex watches are extremely uncommon and have become very popular by connoisseurs. We believe this is largely due to the fact that @watchabbie wears a 31mm vintage Rolex! Everyone is obsessed with her and that is great! This Watch is available at NET-A-PORTER.",Wind Vintage,2026-04-19,False,True
18mm C+B Rolled Link Bracelet in 18k Rose Gold 6 Inches,Other,14000,https://www.windvintage.com/18mm-cb-rolled-link-bracelet-in-18k-rose-gold-6-inches,https://images.squarespace-cdn.com/content/v1/5b213f95506fbec9b54e014c/1784303809639-VBWPDNFYW6MLFQEENF94/Image+26.jpeg,"This is a remarkable vintage bracelet in 14k rose gold. It is produced by C+B but does not feature the maker’s initials. C+B bracelets were sold on timepieces at Cartier and Tiffany & Co. New York. This example is a sophisticated rolled-link style that is approximately 6 inches in length. The straight end links are approximately 18mm wide. The bracelet measures 40 grams. This would look outstanding on a rose gold dress watch from Cartier, Patek Philippe, Audemars Piguet, or any manufacturer from the mid-century. For those looking to upgrade their rose gold timepiece, this is a fantastic pairing.",Wind Vintage,2026-04-19,True,False
19mm Brick Bracelet in 18k Rose Gold 5.1 Inches,Other,14000,https://www.windvintage.com/19mm-brick-bracelet-in-18k-rose-gold-51-inches,https://images.squarespace-cdn.com/content/v1/5b213f95506fbec9b54e014c/1784303784297-MO8X9V5I7QHNA36EGOJ4/Image+25.jpeg,"This is a remarkable vintage bracelet in 18k rose gold. It is an extremely well made brick-style bracelet that measures approximately 5.1 inches in length. The straight end links are approximately 19mm wide. The bracelet measures 39 grams. This would look outstanding on a rose gold dress watch from Cartier, Patek Philippe, Audemars Piguet, or any manufacturer from the mid-century. For those looking to upgrade their rose gold timepiece, this is a fantastic pairing.",Wind Vintage,2026-04-19,False,False
17mm Gay Frères Stretch Rivet Bracelet 5.7 inch 1950,Other,3900,https://www.windvintage.com/17mm-gay-frres-stretch-rivet-bracelet-57-inch,https://images.squarespace-cdn.com/content/v1/5b213f95506fbec9b54e014c/1703366925454-TUR2D9ZQBW3FIHEG0ZO8/DSC05988.jpeg,"This steel Gay Frères is an incredibly comfortable and classic bracelet from the fourth quarter of 1950. It features the classic rivet style bracelet with a stretch feature. The straight end links measure 17mm in width. It measures 5.7 inches in length. It would look fantastic on a period correct Rolex, Heuer, or and Patek Philippe steel models from the era.",Wind Vintage,2026-04-19,True,False
12mm Gay Frères Stretch Rivet Bracelet 6 inch,Other,900,https://www.windvintage.com/12mm-gay-frres-stretch-rivet-bracelet-6-inch,https://images.squarespace-cdn.com/content/v1/5b213f95506fbec9b54e014c/1703378346487-NEFISKNHXIYOF5WEN64J/DSC06061.jpeg,"This steel Gay Frères is an incredibly comfortable and classic bracelet. It is very firm and tight. It features the classic rivet style bracelet with a stretch feature. The straight end links measure 12mm in width. It measures 6 inches in length. It would look fantastic on a period correct Rolex, Heuer, or and Patek Philippe steel models from the era.",Wind Vintage,2026-04-19,False,False
18mm Gay Frères Stretch Rivet Bracelet 5.5 inch 1960,Other,1900,https://www.windvintage.com/18mm-tapered-gay-frres-stretch-rivet-bracelet-55-inch-1960,https://images.squarespace-cdn.com/content/v1/5b213f95506fbec9b54e014c/1703379696948-9LA7VJLVLJ9Y6A1PL7NQ/DSC06102.jpeg,"This steel Gay Frères is an incredibly comfortable and classic bracelet from 1960. It is very firm and tight. It features the classic rivet style bracelet with a stretch feature. The straight end links measure 18mm in width. It measures 5.5 inches in length. It would look fantastic on a period correct Rolex, Heuer, or and Patek Philippe steel models from the era.",Wind Vintage,2026-04-19,False,False
18mm Gay Frères Stretch Rivet Bracelet 6.1 inch,Other,2800,https://www.windvintage.com/18mm-gay-frres-stretch-rivet-bracelet-61-inch,https://images.squarespace-cdn.com/content/v1/5b213f95506fbec9b54e014c/1703381493805-P37MRORO5ZUQG9MUHSVT/DSC06122.jpeg,"This steel Gay Frères is an incredibly comfortable and classic bracelet. It is very firm and tight. It features the classic rivet style bracelet with a stretch feature. The straight end links measure 18mm in width. It measures 6.1 inches in length. It would look fantastic on a period correct Rolex, Heuer, or and Patek Philippe steel models from the era.",Wind Vintage,2026-04-19,False,False
19.5mm Bamboo Gay Frères Bracelet,Other,1900,https://www.windvintage.com/195mm-bamboo-gay-frres-bracelet,https://images.squarespace-cdn.com/content/v1/5b213f95506fbec9b54e014c/1d571ecc-5436-4811-b875-f37c7827409f/DSC06322.JPG,"This steel Gay Frères bracelet is a very cool model made in the 1940s. The bracelet is very long and features 19.5mm end links. It would look great on any time-only, chronograph, or rectangular steel models from the era.",Wind Vintage,2026-04-19,False,False
18mm Gay Frères Beads of Rice Rivet Style Bracelet 6 Inches 1960s,Other,3900,https://www.windvintage.com/18mm-gay-frres-beads-of-rice-rivet-style-bracelet-6-inches-1960s,https://images.squarespace-cdn.com/content/v1/5b213f95506fbec9b54e014c/1709910878388-M4QN7VN7MOPJXOV1LM4V/DSC06416.jpeg,"This steel Gay Frères beads of rice rivet style bracelet is an incredibly comfortable and classic bracelet from the 1960s. The straight end links measure 18mm in width. It measures approximately 6 inches in length. It would look great on a period correct Patek Philippe, Heuer, Angelus, any time-only, chronograph, or rectangular steel models from the era.",Wind Vintage,2026-04-19,False,False
17.5mm Gay Frères Stretch Rivet Bracelet 1940s 7.25 inch,Other,4900,https://www.windvintage.com/175mm-gay-frres-stretch-rivet-bracelet-1940s-725-inch,https://images.squarespace-cdn.com/content/v1/5b213f95506fbec9b54e014c/1709307512406-YCU32MYBCBN6FMCF6STY/DSC06964.jpg,"This steel Gay Frères is an incredibly comfortable and classic bracelet from th 1940s. It features the classic rivet style bracelet with a stretch feature. The straight end links measure 17.5mm in width. It measures 7.25 inches in length. It would look fantastic on a period correct Rolex, Heuer, or and Patek Philippe steel models from the era.",Wind Vintage,2026-04-19,False,False
17mm Gay Frères Thick Beads of Rice Bracelet Straight End Links 5.1 Inches,Other,2400,https://www.windvintage.com/17mm-gay-frres-thick-beads-of-rice-bracelet-straight-end-links-51-inches,https://images.squarespace-cdn.com/content/v1/5b213f95506fbec9b54e014c/1709236963596-21OUSWL6VI6OXQQP3T2N/DSC07120.jpg,"This steel Gay Frères beads of rice bracelet is an incredibly comfortable and classic bracelet. The straight end links measure 17mm in width. It measures approximately 5.1 inches in length. It would look great on a period correct Patek Philippe, Heuer, Angelus, any time-only, chronograph, or rectangular steel models from the era.",Wind Vintage,2026-04-19,False,False
16mm Universal Geneve Mesh Bracelet 6.4 inch,Universal Geneve,900,https://www.windvintage.com/16mm-universal-geneve-mesh-bracelet-64-inch,https://images.squarespace-cdn.com/content/v1/5b213f95506fbec9b54e014c/60e7dc52-abfe-4337-a89d-2591b8d3e886/DSC09520.JPG,This Universal Geneve mesh bracelet is very sophisticated creation. It features 16mm end links. It measures approximately 6.4 inches in length.,Wind Vintage,2026-04-19,False,False
